<annotation>
	<folder>choose_oracle_images</folder>
	<filename>oc_01_1_0036_2_5.png</filename>
	<path>D:\Learn Python\position relationgship\choose_oracle_images\oc_01_1_0036_2_5.png</path>
	<source>
		<database>Unknown</database>
	</source>
	<size>
		<width>63</width>
		<height>135</height>
		<depth>1</depth>
	</size>
	<segmented>0</segmented>
	<object>
		<name>287</name>
		<pose>Unspecified</pose>
		<truncated>0</truncated>
		<difficult>0</difficult>
		<bndbox>
			<xmin>10</xmin>
			<ymin>13</ymin>
			<xmax>33</xmax>
			<ymax>51</ymax>
		</bndbox>
	</object>
	<object>
		<name>132</name>
		<pose>Unspecified</pose>
		<truncated>0</truncated>
		<difficult>0</difficult>
		<bndbox>
			<xmin>35</xmin>
			<ymin>42</ymin>
			<xmax>56</xmax>
			<ymax>128</ymax>
		</bndbox>
	</object>
	<object>
		<name>389</name>
		<pose>Unspecified</pose>
		<truncated>0</truncated>
		<difficult>0</difficult>
		<bndbox>
			<xmin>11</xmin>
			<ymin>68</ymin>
			<xmax>32</xmax>
			<ymax>126</ymax>
		</bndbox>
	</object>
</annotation>
