<annotation>
	<folder>02-李宇航</folder>
	<filename>oc_03_1_0376_1_2.png</filename>
	<path>C:\Users\Administrator\Desktop\02-李宇航\02-李宇航\oc_03_1_0376_1_2.png</path>
	<source>
		<database>Unknown</database>
	</source>
	<size>
		<width>76</width>
		<height>124</height>
		<depth>1</depth>
	</size>
	<segmented>0</segmented>
	<object>
		<name>132</name>
		<pose>Unspecified</pose>
		<truncated>0</truncated>
		<difficult>0</difficult>
		<bndbox>
			<xmin>49</xmin>
			<ymin>84</ymin>
			<xmax>68</xmax>
			<ymax>116</ymax>
		</bndbox>
	</object>
	<object>
		<name>323</name>
		<pose>Unspecified</pose>
		<truncated>0</truncated>
		<difficult>0</difficult>
		<bndbox>
			<xmin>21</xmin>
			<ymin>27</ymin>
			<xmax>61</xmax>
			<ymax>108</ymax>
		</bndbox>
	</object>
	<object>
		<name>189</name>
		<pose>Unspecified</pose>
		<truncated>0</truncated>
		<difficult>0</difficult>
		<bndbox>
			<xmin>8</xmin>
			<ymin>7</ymin>
			<xmax>72</xmax>
			<ymax>82</ymax>
		</bndbox>
	</object>
</annotation>
