<annotation>
	<folder>03-吴磊</folder>
	<filename>oc_03_1_0379_3_3.png</filename>
	<path>D:\xdd\BaiduNetdiskDownload\03-吴磊\oc_03_1_0379_3_3.png</path>
	<source>
		<database>Unknown</database>
	</source>
	<size>
		<width>87</width>
		<height>124</height>
		<depth>1</depth>
	</size>
	<segmented>0</segmented>
	<object>
		<name>287</name>
		<pose>Unspecified</pose>
		<truncated>0</truncated>
		<difficult>0</difficult>
		<bndbox>
			<xmin>14</xmin>
			<ymin>22</ymin>
			<xmax>39</xmax>
			<ymax>72</ymax>
		</bndbox>
	</object>
	<object>
		<name>030</name>
		<pose>Unspecified</pose>
		<truncated>0</truncated>
		<difficult>0</difficult>
		<bndbox>
			<xmin>40</xmin>
			<ymin>13</ymin>
			<xmax>82</xmax>
			<ymax>97</ymax>
		</bndbox>
	</object>
</annotation>
