<annotation>
	<folder>03-吴磊</folder>
	<filename>oc_03_1_0408_1_1.png</filename>
	<path>D:\xdd\BaiduNetdiskDownload\03-吴磊\oc_03_1_0408_1_1.png</path>
	<source>
		<database>Unknown</database>
	</source>
	<size>
		<width>104</width>
		<height>114</height>
		<depth>1</depth>
	</size>
	<segmented>0</segmented>
	<object>
		<name>379</name>
		<pose>Unspecified</pose>
		<truncated>0</truncated>
		<difficult>0</difficult>
		<bndbox>
			<xmin>35</xmin>
			<ymin>7</ymin>
			<xmax>100</xmax>
			<ymax>61</ymax>
		</bndbox>
	</object>
	<object>
		<name>327</name>
		<pose>Unspecified</pose>
		<truncated>0</truncated>
		<difficult>0</difficult>
		<bndbox>
			<xmin>4</xmin>
			<ymin>9</ymin>
			<xmax>47</xmax>
			<ymax>66</ymax>
		</bndbox>
	</object>
	<object>
		<name>132</name>
		<pose>Unspecified</pose>
		<truncated>0</truncated>
		<difficult>0</difficult>
		<bndbox>
			<xmin>42</xmin>
			<ymin>41</ymin>
			<xmax>91</xmax>
			<ymax>110</ymax>
		</bndbox>
	</object>
</annotation>
