<annotation>
	<folder>01-李沿增</folder>
	<filename>oc_02_1_0035_3_6.png</filename>
	<path>D:\古文字\古文字\01-李沿增\oc_02_1_0035_3_6.png</path>
	<source>
		<database>Unknown</database>
	</source>
	<size>
		<width>39</width>
		<height>77</height>
		<depth>1</depth>
	</size>
	<segmented>0</segmented>
	<object>
		<name>134</name>
		<pose>Unspecified</pose>
		<truncated>0</truncated>
		<difficult>0</difficult>
		<bndbox>
			<xmin>4</xmin>
			<ymin>34</ymin>
			<xmax>22</xmax>
			<ymax>57</ymax>
		</bndbox>
	</object>
</annotation>
