<annotation>
	<folder>choose_oracle_images</folder>
	<filename>oc_02_1_0165_1_2.png</filename>
	<path>D:\Learn Python\position relationgship\choose_oracle_images\oc_02_1_0165_1_2.png</path>
	<source>
		<database>Unknown</database>
	</source>
	<size>
		<width>35</width>
		<height>75</height>
		<depth>1</depth>
	</size>
	<segmented>0</segmented>
	<object>
		<name>387</name>
		<pose>Unspecified</pose>
		<truncated>0</truncated>
		<difficult>0</difficult>
		<bndbox>
			<xmin>10</xmin>
			<ymin>2</ymin>
			<xmax>32</xmax>
			<ymax>69</ymax>
		</bndbox>
	</object>
	<object>
		<name>132</name>
		<pose>Unspecified</pose>
		<truncated>0</truncated>
		<difficult>0</difficult>
		<bndbox>
			<xmin>2</xmin>
			<ymin>22</ymin>
			<xmax>18</xmax>
			<ymax>46</ymax>
		</bndbox>
	</object>
</annotation>
