<annotation>
	<folder>02-李宇航</folder>
	<filename>oc_02_1_0215_1_1.png</filename>
	<path>C:\Users\wml\Desktop\02-李宇航\02-李宇航\oc_02_1_0215_1_1.png</path>
	<source>
		<database>Unknown</database>
	</source>
	<size>
		<width>70</width>
		<height>50</height>
		<depth>1</depth>
	</size>
	<segmented>0</segmented>
	<object>
		<name>307</name>
		<pose>Unspecified</pose>
		<truncated>0</truncated>
		<difficult>0</difficult>
		<bndbox>
			<xmin>3</xmin>
			<ymin>19</ymin>
			<xmax>41</xmax>
			<ymax>44</ymax>
		</bndbox>
	</object>
	<object>
		<name>307</name>
		<pose>Unspecified</pose>
		<truncated>0</truncated>
		<difficult>0</difficult>
		<bndbox>
			<xmin>37</xmin>
			<ymin>6</ymin>
			<xmax>64</xmax>
			<ymax>39</ymax>
		</bndbox>
	</object>
</annotation>
