<annotation>
	<folder>02-李宇航</folder>
	<filename>oc_02_2_0298_1_4.png</filename>
	<path>C:\Users\Administrator\Desktop\02-李宇航\02-李宇航\oc_02_2_0298_1_4.png</path>
	<source>
		<database>Unknown</database>
	</source>
	<size>
		<width>94</width>
		<height>166</height>
		<depth>1</depth>
	</size>
	<segmented>0</segmented>
	<object>
		<name>307</name>
		<pose>Unspecified</pose>
		<truncated>1</truncated>
		<difficult>0</difficult>
		<bndbox>
			<xmin>14</xmin>
			<ymin>1</ymin>
			<xmax>63</xmax>
			<ymax>70</ymax>
		</bndbox>
	</object>
	<object>
		<name>484</name>
		<pose>Unspecified</pose>
		<truncated>0</truncated>
		<difficult>0</difficult>
		<bndbox>
			<xmin>4</xmin>
			<ymin>70</ymin>
			<xmax>93</xmax>
			<ymax>163</ymax>
		</bndbox>
	</object>
</annotation>
