<annotation>
	<folder>choose_oracle_images</folder>
	<filename>oc_01_1_0045_1_7.png</filename>
	<path>D:\Learn Python\position relationgship\choose_oracle_images\oc_01_1_0045_1_7.png</path>
	<source>
		<database>Unknown</database>
	</source>
	<size>
		<width>60</width>
		<height>135</height>
		<depth>1</depth>
	</size>
	<segmented>0</segmented>
	<object>
		<name>132</name>
		<pose>Unspecified</pose>
		<truncated>0</truncated>
		<difficult>0</difficult>
		<bndbox>
			<xmin>18</xmin>
			<ymin>8</ymin>
			<xmax>51</xmax>
			<ymax>128</ymax>
		</bndbox>
	</object>
	<object>
		<name>206</name>
		<pose>Unspecified</pose>
		<truncated>0</truncated>
		<difficult>0</difficult>
		<bndbox>
			<xmin>10</xmin>
			<ymin>17</ymin>
			<xmax>22</xmax>
			<ymax>37</ymax>
		</bndbox>
	</object>
	<object>
		<name>206</name>
		<pose>Unspecified</pose>
		<truncated>0</truncated>
		<difficult>0</difficult>
		<bndbox>
			<xmin>7</xmin>
			<ymin>59</ymin>
			<xmax>28</xmax>
			<ymax>83</ymax>
		</bndbox>
	</object>
</annotation>
