<annotation>
	<folder>01-李沿增</folder>
	<filename>oc_02_1_0035_3_1.png</filename>
	<path>D:\古文字\古文字\01-李沿增\oc_02_1_0035_3_1.png</path>
	<source>
		<database>Unknown</database>
	</source>
	<size>
		<width>41</width>
		<height>80</height>
		<depth>1</depth>
	</size>
	<segmented>0</segmented>
	<object>
		<name>134</name>
		<pose>Unspecified</pose>
		<truncated>0</truncated>
		<difficult>0</difficult>
		<bndbox>
			<xmin>4</xmin>
			<ymin>2</ymin>
			<xmax>38</xmax>
			<ymax>78</ymax>
		</bndbox>
	</object>
</annotation>
