<annotation>
	<folder>choose_oracle_images</folder>
	<filename>oc_02_1_0156_2_3.png</filename>
	<path>D:\Learn Python\position relationgship\choose_oracle_images\oc_02_1_0156_2_3.png</path>
	<source>
		<database>Unknown</database>
	</source>
	<size>
		<width>104</width>
		<height>124</height>
		<depth>1</depth>
	</size>
	<segmented>0</segmented>
	<object>
		<name>408</name>
		<pose>Unspecified</pose>
		<truncated>0</truncated>
		<difficult>0</difficult>
		<bndbox>
			<xmin>34</xmin>
			<ymin>48</ymin>
			<xmax>78</xmax>
			<ymax>110</ymax>
		</bndbox>
	</object>
	<object>
		<name>189</name>
		<pose>Unspecified</pose>
		<truncated>0</truncated>
		<difficult>0</difficult>
		<bndbox>
			<xmin>7</xmin>
			<ymin>13</ymin>
			<xmax>100</xmax>
			<ymax>113</ymax>
		</bndbox>
	</object>
</annotation>
