<annotation>
	<folder>03-吴磊</folder>
	<filename>oc_03_1_0397_1_3.png</filename>
	<path>D:\xdd\BaiduNetdiskDownload\03-吴磊\oc_03_1_0397_1_3.png</path>
	<source>
		<database>Unknown</database>
	</source>
	<size>
		<width>81</width>
		<height>125</height>
		<depth>1</depth>
	</size>
	<segmented>0</segmented>
	<object>
		<name>062</name>
		<pose>Unspecified</pose>
		<truncated>0</truncated>
		<difficult>0</difficult>
		<bndbox>
			<xmin>42</xmin>
			<ymin>10</ymin>
			<xmax>76</xmax>
			<ymax>118</ymax>
		</bndbox>
	</object>
	<object>
		<name>269</name>
		<pose>Unspecified</pose>
		<truncated>0</truncated>
		<difficult>0</difficult>
		<bndbox>
			<xmin>4</xmin>
			<ymin>4</ymin>
			<xmax>35</xmax>
			<ymax>107</ymax>
		</bndbox>
	</object>
</annotation>
