<annotation>
	<folder>02-李宇航</folder>
	<filename>oc_02_2_0284_1_11.png</filename>
	<path>C:\Users\Administrator\Desktop\02-李宇航\02-李宇航\oc_02_2_0284_1_11.png</path>
	<source>
		<database>Unknown</database>
	</source>
	<size>
		<width>64</width>
		<height>84</height>
		<depth>1</depth>
	</size>
	<segmented>0</segmented>
	<object>
		<name>026</name>
		<pose>Unspecified</pose>
		<truncated>1</truncated>
		<difficult>0</difficult>
		<bndbox>
			<xmin>4</xmin>
			<ymin>1</ymin>
			<xmax>62</xmax>
			<ymax>67</ymax>
		</bndbox>
	</object>
	<object>
		<name>307</name>
		<pose>Unspecified</pose>
		<truncated>0</truncated>
		<difficult>0</difficult>
		<bndbox>
			<xmin>20</xmin>
			<ymin>48</ymin>
			<xmax>44</xmax>
			<ymax>81</ymax>
		</bndbox>
	</object>
</annotation>
