<annotation>
	<folder>choose_oracle_images</folder>
	<filename>oc_02_1_0156_1_6.png</filename>
	<path>D:\Learn Python\position relationgship\choose_oracle_images\oc_02_1_0156_1_6.png</path>
	<source>
		<database>Unknown</database>
	</source>
	<size>
		<width>84</width>
		<height>123</height>
		<depth>1</depth>
	</size>
	<segmented>0</segmented>
	<object>
		<name>335</name>
		<pose>Unspecified</pose>
		<truncated>0</truncated>
		<difficult>0</difficult>
		<bndbox>
			<xmin>24</xmin>
			<ymin>16</ymin>
			<xmax>62</xmax>
			<ymax>116</ymax>
		</bndbox>
	</object>
	<object>
		<name>189</name>
		<pose>Unspecified</pose>
		<truncated>0</truncated>
		<difficult>0</difficult>
		<bndbox>
			<xmin>8</xmin>
			<ymin>3</ymin>
			<xmax>77</xmax>
			<ymax>111</ymax>
		</bndbox>
	</object>
</annotation>
