<annotation>
	<folder>02-李宇航</folder>
	<filename>oc_02_1_0180_1_1.png</filename>
	<path>C:\Users\wml\Desktop\02-李宇航\02-李宇航\oc_02_1_0180_1_1.png</path>
	<source>
		<database>Unknown</database>
	</source>
	<size>
		<width>62</width>
		<height>132</height>
		<depth>1</depth>
	</size>
	<segmented>0</segmented>
	<object>
		<name>461</name>
		<pose>Unspecified</pose>
		<truncated>0</truncated>
		<difficult>0</difficult>
		<bndbox>
			<xmin>10</xmin>
			<ymin>5</ymin>
			<xmax>50</xmax>
			<ymax>94</ymax>
		</bndbox>
	</object>
	<object>
		<name>307</name>
		<pose>Unspecified</pose>
		<truncated>0</truncated>
		<difficult>0</difficult>
		<bndbox>
			<xmin>23</xmin>
			<ymin>72</ymin>
			<xmax>56</xmax>
			<ymax>127</ymax>
		</bndbox>
	</object>
</annotation>
