<annotation>
	<folder>02-李宇航</folder>
	<filename>oc_02_2_0286_1_1.png</filename>
	<path>C:\Users\Administrator\Desktop\02-李宇航\02-李宇航\oc_02_2_0286_1_1.png</path>
	<source>
		<database>Unknown</database>
	</source>
	<size>
		<width>84</width>
		<height>123</height>
		<depth>1</depth>
	</size>
	<segmented>0</segmented>
	<object>
		<name>154</name>
		<pose>Unspecified</pose>
		<truncated>0</truncated>
		<difficult>0</difficult>
		<bndbox>
			<xmin>21</xmin>
			<ymin>7</ymin>
			<xmax>80</xmax>
			<ymax>67</ymax>
		</bndbox>
	</object>
	<object>
		<name>307</name>
		<pose>Unspecified</pose>
		<truncated>0</truncated>
		<difficult>0</difficult>
		<bndbox>
			<xmin>14</xmin>
			<ymin>32</ymin>
			<xmax>76</xmax>
			<ymax>118</ymax>
		</bndbox>
	</object>
</annotation>
