<annotation>
	<folder>01-李沿增</folder>
	<filename>oc_02_1_0139_1_1.png</filename>
	<path>D:\古文字\古文字\01-李沿增\oc_02_1_0139_1_1.png</path>
	<source>
		<database>Unknown</database>
	</source>
	<size>
		<width>70</width>
		<height>106</height>
		<depth>1</depth>
	</size>
	<segmented>0</segmented>
	<object>
		<name>252</name>
		<pose>Unspecified</pose>
		<truncated>0</truncated>
		<difficult>0</difficult>
		<bndbox>
			<xmin>4</xmin>
			<ymin>3</ymin>
			<xmax>39</xmax>
			<ymax>104</ymax>
		</bndbox>
	</object>
	<object>
		<name>134</name>
		<pose>Unspecified</pose>
		<truncated>0</truncated>
		<difficult>0</difficult>
		<bndbox>
			<xmin>33</xmin>
			<ymin>51</ymin>
			<xmax>58</xmax>
			<ymax>88</ymax>
		</bndbox>
	</object>
</annotation>
