<annotation>
	<folder>59_radical_labelled_new</folder>
	<filename>oc_02_1_0107_1_10.jpg</filename>
	<path>D:\Learn Python\position relationgship\59_radical_labelled_new\oc_02_1_0107_1_10.jpg</path>
	<source>
		<database>Unknown</database>
	</source>
	<size>
		<width>93</width>
		<height>126</height>
		<depth>1</depth>
	</size>
	<segmented>0</segmented>
	<object>
		<name>335</name>
		<pose>Unspecified</pose>
		<truncated>0</truncated>
		<difficult>0</difficult>
		<bndbox>
			<xmin>10</xmin>
			<ymin>5</ymin>
			<xmax>91</xmax>
			<ymax>62</ymax>
		</bndbox>
	</object>
	<object>
		<name>134</name>
		<pose>Unspecified</pose>
		<truncated>0</truncated>
		<difficult>0</difficult>
		<bndbox>
			<xmin>5</xmin>
			<ymin>67</ymin>
			<xmax>88</xmax>
			<ymax>124</ymax>
		</bndbox>
	</object>
</annotation>
