<annotation>
	<folder>02-李宇航</folder>
	<filename>oc_02_2_0330_1_1.png</filename>
	<path>C:\Users\Administrator\Desktop\02-李宇航\02-李宇航\oc_02_2_0330_1_1.png</path>
	<source>
		<database>Unknown</database>
	</source>
	<size>
		<width>56</width>
		<height>131</height>
		<depth>1</depth>
	</size>
	<segmented>0</segmented>
	<object>
		<name>537</name>
		<pose>Unspecified</pose>
		<truncated>0</truncated>
		<difficult>0</difficult>
		<bndbox>
			<xmin>6</xmin>
			<ymin>59</ymin>
			<xmax>31</xmax>
			<ymax>127</ymax>
		</bndbox>
	</object>
	<object>
		<name>307</name>
		<pose>Unspecified</pose>
		<truncated>0</truncated>
		<difficult>0</difficult>
		<bndbox>
			<xmin>21</xmin>
			<ymin>4</ymin>
			<xmax>52</xmax>
			<ymax>54</ymax>
		</bndbox>
	</object>
</annotation>
