<annotation>
	<folder>59_radical_labelled_new</folder>
	<filename>oc_02_1_0112_1_1.png</filename>
	<path>D:\Learn Python\position relationgship\59_radical_labelled_new\oc_02_1_0112_1_1.png</path>
	<source>
		<database>Unknown</database>
	</source>
	<size>
		<width>90</width>
		<height>124</height>
		<depth>1</depth>
	</size>
	<segmented>0</segmented>
	<object>
		<name>134</name>
		<pose>Unspecified</pose>
		<truncated>0</truncated>
		<difficult>0</difficult>
		<bndbox>
			<xmin>4</xmin>
			<ymin>31</ymin>
			<xmax>24</xmax>
			<ymax>64</ymax>
		</bndbox>
	</object>
	<object>
		<name>134</name>
		<pose>Unspecified</pose>
		<truncated>0</truncated>
		<difficult>0</difficult>
		<bndbox>
			<xmin>56</xmin>
			<ymin>52</ymin>
			<xmax>80</xmax>
			<ymax>80</ymax>
		</bndbox>
	</object>
	<object>
		<name>062</name>
		<pose>Unspecified</pose>
		<truncated>0</truncated>
		<difficult>0</difficult>
		<bndbox>
			<xmin>22</xmin>
			<ymin>11</ymin>
			<xmax>64</xmax>
			<ymax>117</ymax>
		</bndbox>
	</object>
</annotation>
