<annotation>
	<folder>02-李宇航</folder>
	<filename>oc_02_2_0289_1_2.png</filename>
	<path>C:\Users\Administrator\Desktop\02-李宇航\02-李宇航\oc_02_2_0289_1_2.png</path>
	<source>
		<database>Unknown</database>
	</source>
	<size>
		<width>39</width>
		<height>80</height>
		<depth>1</depth>
	</size>
	<segmented>0</segmented>
	<object>
		<name>307</name>
		<pose>Unspecified</pose>
		<truncated>0</truncated>
		<difficult>0</difficult>
		<bndbox>
			<xmin>11</xmin>
			<ymin>48</ymin>
			<xmax>34</xmax>
			<ymax>74</ymax>
		</bndbox>
	</object>
	<object>
		<name>186</name>
		<pose>Unspecified</pose>
		<truncated>0</truncated>
		<difficult>0</difficult>
		<bndbox>
			<xmin>3</xmin>
			<ymin>6</ymin>
			<xmax>38</xmax>
			<ymax>47</ymax>
		</bndbox>
	</object>
</annotation>
