<annotation>
	<folder>02-李宇航</folder>
	<filename>oc_02_2_0277_1_6.png</filename>
	<path>C:\Users\Administrator\Desktop\02-李宇航\02-李宇航\oc_02_2_0277_1_6.png</path>
	<source>
		<database>Unknown</database>
	</source>
	<size>
		<width>48</width>
		<height>134</height>
		<depth>1</depth>
	</size>
	<segmented>0</segmented>
	<object>
		<name>537</name>
		<pose>Unspecified</pose>
		<truncated>0</truncated>
		<difficult>0</difficult>
		<bndbox>
			<xmin>6</xmin>
			<ymin>4</ymin>
			<xmax>46</xmax>
			<ymax>70</ymax>
		</bndbox>
	</object>
	<object>
		<name>307</name>
		<pose>Unspecified</pose>
		<truncated>0</truncated>
		<difficult>0</difficult>
		<bndbox>
			<xmin>3</xmin>
			<ymin>65</ymin>
			<xmax>25</xmax>
			<ymax>131</ymax>
		</bndbox>
	</object>
</annotation>
