<annotation>
	<folder>59_radical_labelled_new</folder>
	<filename>oc_01_1_0050_7_2.png</filename>
	<path>D:\Learn Python\position relationgship\59_radical_labelled_new\oc_01_1_0050_7_2.png</path>
	<source>
		<database>Unknown</database>
	</source>
	<size>
		<width>48</width>
		<height>133</height>
		<depth>1</depth>
	</size>
	<segmented>0</segmented>
	<object>
		<name>393</name>
		<pose>Unspecified</pose>
		<truncated>0</truncated>
		<difficult>0</difficult>
		<bndbox>
			<xmin>13</xmin>
			<ymin>6</ymin>
			<xmax>43</xmax>
			<ymax>56</ymax>
		</bndbox>
	</object>
	<object>
		<name>277</name>
		<pose>Unspecified</pose>
		<truncated>0</truncated>
		<difficult>0</difficult>
		<bndbox>
			<xmin>2</xmin>
			<ymin>58</ymin>
			<xmax>40</xmax>
			<ymax>85</ymax>
		</bndbox>
	</object>
	<object>
		<name>393</name>
		<pose>Unspecified</pose>
		<truncated>0</truncated>
		<difficult>0</difficult>
		<bndbox>
			<xmin>11</xmin>
			<ymin>86</ymin>
			<xmax>33</xmax>
			<ymax>129</ymax>
		</bndbox>
	</object>
</annotation>
