<annotation>
	<folder>59_radical_labelled_new</folder>
	<filename>oc_02_1_0097_1_2.jpg</filename>
	<path>D:\Learn Python\position relationgship\59_radical_labelled_new\oc_02_1_0097_1_2.jpg</path>
	<source>
		<database>Unknown</database>
	</source>
	<size>
		<width>50</width>
		<height>124</height>
		<depth>1</depth>
	</size>
	<segmented>0</segmented>
	<object>
		<name>134</name>
		<pose>Unspecified</pose>
		<truncated>0</truncated>
		<difficult>0</difficult>
		<bndbox>
			<xmin>7</xmin>
			<ymin>86</ymin>
			<xmax>42</xmax>
			<ymax>119</ymax>
		</bndbox>
	</object>
	<object>
		<name>104</name>
		<pose>Unspecified</pose>
		<truncated>0</truncated>
		<difficult>0</difficult>
		<bndbox>
			<xmin>16</xmin>
			<ymin>3</ymin>
			<xmax>47</xmax>
			<ymax>99</ymax>
		</bndbox>
	</object>
</annotation>
