<annotation>
	<folder>59_radical_labelled_new</folder>
	<filename>oc_02_1_0148_1_6.jpg</filename>
	<path>D:\Learn Python\position relationgship\59_radical_labelled_new\oc_02_1_0148_1_6.jpg</path>
	<source>
		<database>Unknown</database>
	</source>
	<size>
		<width>58</width>
		<height>122</height>
		<depth>1</depth>
	</size>
	<segmented>0</segmented>
	<object>
		<name>307</name>
		<pose>Unspecified</pose>
		<truncated>0</truncated>
		<difficult>0</difficult>
		<bndbox>
			<xmin>7</xmin>
			<ymin>71</ymin>
			<xmax>37</xmax>
			<ymax>113</ymax>
		</bndbox>
	</object>
	<object>
		<name>307</name>
		<pose>Unspecified</pose>
		<truncated>0</truncated>
		<difficult>0</difficult>
		<bndbox>
			<xmin>19</xmin>
			<ymin>8</ymin>
			<xmax>40</xmax>
			<ymax>58</ymax>
		</bndbox>
	</object>
</annotation>
