<annotation>
	<folder>02-李宇航</folder>
	<filename>oc_02_1_0205_1_10.png</filename>
	<path>C:\Users\wml\Desktop\02-李宇航\02-李宇航\oc_02_1_0205_1_10.png</path>
	<source>
		<database>Unknown</database>
	</source>
	<size>
		<width>89</width>
		<height>109</height>
		<depth>1</depth>
	</size>
	<segmented>0</segmented>
	<object>
		<name>012</name>
		<pose>Unspecified</pose>
		<truncated>0</truncated>
		<difficult>0</difficult>
		<bndbox>
			<xmin>7</xmin>
			<ymin>6</ymin>
			<xmax>83</xmax>
			<ymax>100</ymax>
		</bndbox>
	</object>
	<object>
		<name>134</name>
		<pose>Unspecified</pose>
		<truncated>0</truncated>
		<difficult>0</difficult>
		<bndbox>
			<xmin>27</xmin>
			<ymin>52</ymin>
			<xmax>62</xmax>
			<ymax>85</ymax>
		</bndbox>
	</object>
</annotation>
