<annotation>
	<folder>choose_oracle_images</folder>
	<filename>oc_02_1_0156_2_4.png</filename>
	<path>D:\Learn Python\position relationgship\choose_oracle_images\oc_02_1_0156_2_4.png</path>
	<source>
		<database>Unknown</database>
	</source>
	<size>
		<width>95</width>
		<height>124</height>
		<depth>1</depth>
	</size>
	<segmented>0</segmented>
	<object>
		<name>408</name>
		<pose>Unspecified</pose>
		<truncated>0</truncated>
		<difficult>0</difficult>
		<bndbox>
			<xmin>39</xmin>
			<ymin>17</ymin>
			<xmax>79</xmax>
			<ymax>115</ymax>
		</bndbox>
	</object>
	<object>
		<name>189</name>
		<pose>Unspecified</pose>
		<truncated>0</truncated>
		<difficult>0</difficult>
		<bndbox>
			<xmin>10</xmin>
			<ymin>5</ymin>
			<xmax>92</xmax>
			<ymax>123</ymax>
		</bndbox>
	</object>
</annotation>
