<annotation>
	<folder>choose_oracle_images</folder>
	<filename>oc_02_1_0212_1_1.png</filename>
	<path>D:\Learn Python\position relationgship\choose_oracle_images\oc_02_1_0212_1_1.png</path>
	<source>
		<database>Unknown</database>
	</source>
	<size>
		<width>84</width>
		<height>117</height>
		<depth>1</depth>
	</size>
	<segmented>0</segmented>
	<object>
		<name>247</name>
		<pose>Unspecified</pose>
		<truncated>0</truncated>
		<difficult>0</difficult>
		<bndbox>
			<xmin>8</xmin>
			<ymin>18</ymin>
			<xmax>35</xmax>
			<ymax>103</ymax>
		</bndbox>
	</object>
	<object>
		<name>164</name>
		<pose>Unspecified</pose>
		<truncated>0</truncated>
		<difficult>0</difficult>
		<bndbox>
			<xmin>44</xmin>
			<ymin>6</ymin>
			<xmax>73</xmax>
			<ymax>55</ymax>
		</bndbox>
	</object>
	<object>
		<name>335</name>
		<pose>Unspecified</pose>
		<truncated>0</truncated>
		<difficult>0</difficult>
		<bndbox>
			<xmin>39</xmin>
			<ymin>60</ymin>
			<xmax>75</xmax>
			<ymax>111</ymax>
		</bndbox>
	</object>
</annotation>
