<annotation>
	<folder>choose_oracle_images</folder>
	<filename>oc_02_1_0088_1_2.png</filename>
	<path>D:\Learn Python\position relationgship\choose_oracle_images\oc_02_1_0088_1_2.png</path>
	<source>
		<database>Unknown</database>
	</source>
	<size>
		<width>73</width>
		<height>124</height>
		<depth>1</depth>
	</size>
	<segmented>0</segmented>
	<object>
		<name>247</name>
		<pose>Unspecified</pose>
		<truncated>0</truncated>
		<difficult>0</difficult>
		<bndbox>
			<xmin>3</xmin>
			<ymin>3</ymin>
			<xmax>25</xmax>
			<ymax>95</ymax>
		</bndbox>
	</object>
	<object>
		<name>063</name>
		<pose>Unspecified</pose>
		<truncated>0</truncated>
		<difficult>0</difficult>
		<bndbox>
			<xmin>27</xmin>
			<ymin>4</ymin>
			<xmax>62</xmax>
			<ymax>66</ymax>
		</bndbox>
	</object>
	<object>
		<name>307</name>
		<pose>Unspecified</pose>
		<truncated>0</truncated>
		<difficult>0</difficult>
		<bndbox>
			<xmin>30</xmin>
			<ymin>76</ymin>
			<xmax>63</xmax>
			<ymax>123</ymax>
		</bndbox>
	</object>
	<object>
		<name>134</name>
		<pose>Unspecified</pose>
		<truncated>0</truncated>
		<difficult>0</difficult>
		<bndbox>
			<xmin>32</xmin>
			<ymin>49</ymin>
			<xmax>53</xmax>
			<ymax>74</ymax>
		</bndbox>
	</object>
</annotation>
