<annotation>
	<folder>02-李宇航</folder>
	<filename>oc_03_1_0363_1_6.png</filename>
	<path>C:\Users\Administrator\Desktop\02-李宇航\02-李宇航\oc_03_1_0363_1_6.png</path>
	<source>
		<database>Unknown</database>
	</source>
	<size>
		<width>118</width>
		<height>94</height>
		<depth>1</depth>
	</size>
	<segmented>0</segmented>
	<object>
		<name>234</name>
		<pose>Unspecified</pose>
		<truncated>0</truncated>
		<difficult>0</difficult>
		<bndbox>
			<xmin>10</xmin>
			<ymin>37</ymin>
			<xmax>39</xmax>
			<ymax>76</ymax>
		</bndbox>
	</object>
	<object>
		<name>234</name>
		<pose>Unspecified</pose>
		<truncated>0</truncated>
		<difficult>0</difficult>
		<bndbox>
			<xmin>74</xmin>
			<ymin>45</ymin>
			<xmax>115</xmax>
			<ymax>89</ymax>
		</bndbox>
	</object>
	<object>
		<name>134</name>
		<pose>Unspecified</pose>
		<truncated>1</truncated>
		<difficult>0</difficult>
		<bndbox>
			<xmin>26</xmin>
			<ymin>1</ymin>
			<xmax>87</xmax>
			<ymax>59</ymax>
		</bndbox>
	</object>
</annotation>
