<annotation>
	<folder>01-李沿增</folder>
	<filename>oc_02_1_0147_1_4.png</filename>
	<path>D:\古文字\古文字\01-李沿增\oc_02_1_0147_1_4.png</path>
	<source>
		<database>Unknown</database>
	</source>
	<size>
		<width>92</width>
		<height>117</height>
		<depth>1</depth>
	</size>
	<segmented>0</segmented>
	<object>
		<name>111</name>
		<pose>Unspecified</pose>
		<truncated>0</truncated>
		<difficult>0</difficult>
		<bndbox>
			<xmin>57</xmin>
			<ymin>8</ymin>
			<xmax>85</xmax>
			<ymax>112</ymax>
		</bndbox>
	</object>
	<object>
		<name>307</name>
		<pose>Unspecified</pose>
		<truncated>0</truncated>
		<difficult>0</difficult>
		<bndbox>
			<xmin>3</xmin>
			<ymin>26</ymin>
			<xmax>55</xmax>
			<ymax>99</ymax>
		</bndbox>
	</object>
</annotation>
