<annotation>
	<folder>03-吴磊</folder>
	<filename>oc_03_1_0401_1_7.png</filename>
	<path>D:\xdd\BaiduNetdiskDownload\03-吴磊\oc_03_1_0401_1_7.png</path>
	<source>
		<database>Unknown</database>
	</source>
	<size>
		<width>68</width>
		<height>124</height>
		<depth>1</depth>
	</size>
	<segmented>0</segmented>
	<object>
		<name>062</name>
		<pose>Unspecified</pose>
		<truncated>0</truncated>
		<difficult>0</difficult>
		<bndbox>
			<xmin>5</xmin>
			<ymin>13</ymin>
			<xmax>39</xmax>
			<ymax>105</ymax>
		</bndbox>
	</object>
	<object>
		<name>269</name>
		<pose>Unspecified</pose>
		<truncated>0</truncated>
		<difficult>0</difficult>
		<bndbox>
			<xmin>29</xmin>
			<ymin>10</ymin>
			<xmax>62</xmax>
			<ymax>111</ymax>
		</bndbox>
	</object>
</annotation>
