<annotation>
	<folder>choose_oracle_images</folder>
	<filename>oc_02_1_0156_2_7.png</filename>
	<path>D:\Learn Python\position relationgship\choose_oracle_images\oc_02_1_0156_2_7.png</path>
	<source>
		<database>Unknown</database>
	</source>
	<size>
		<width>95</width>
		<height>114</height>
		<depth>1</depth>
	</size>
	<segmented>0</segmented>
	<object>
		<name>408</name>
		<pose>Unspecified</pose>
		<truncated>0</truncated>
		<difficult>0</difficult>
		<bndbox>
			<xmin>21</xmin>
			<ymin>22</ymin>
			<xmax>67</xmax>
			<ymax>99</ymax>
		</bndbox>
	</object>
	<object>
		<name>189</name>
		<pose>Unspecified</pose>
		<truncated>0</truncated>
		<difficult>0</difficult>
		<bndbox>
			<xmin>8</xmin>
			<ymin>4</ymin>
			<xmax>88</xmax>
			<ymax>107</ymax>
		</bndbox>
	</object>
</annotation>
