<annotation>
	<folder>03-吴磊</folder>
	<filename>oc_03_1_0397_1_1.png</filename>
	<path>D:\xdd\BaiduNetdiskDownload\03-吴磊\oc_03_1_0397_1_1.png</path>
	<source>
		<database>Unknown</database>
	</source>
	<size>
		<width>70</width>
		<height>116</height>
		<depth>1</depth>
	</size>
	<segmented>0</segmented>
	<object>
		<name>062</name>
		<pose>Unspecified</pose>
		<truncated>0</truncated>
		<difficult>0</difficult>
		<bndbox>
			<xmin>9</xmin>
			<ymin>4</ymin>
			<xmax>43</xmax>
			<ymax>94</ymax>
		</bndbox>
	</object>
	<object>
		<name>269</name>
		<pose>Unspecified</pose>
		<truncated>0</truncated>
		<difficult>0</difficult>
		<bndbox>
			<xmin>35</xmin>
			<ymin>10</ymin>
			<xmax>64</xmax>
			<ymax>108</ymax>
		</bndbox>
	</object>
</annotation>
