<annotation>
	<folder>choose_oracle_images</folder>
	<filename>oc_02_1_0156_2_2.png</filename>
	<path>D:\Learn Python\position relationgship\choose_oracle_images\oc_02_1_0156_2_2.png</path>
	<source>
		<database>Unknown</database>
	</source>
	<size>
		<width>97</width>
		<height>108</height>
		<depth>1</depth>
	</size>
	<segmented>0</segmented>
	<object>
		<name>408</name>
		<pose>Unspecified</pose>
		<truncated>0</truncated>
		<difficult>0</difficult>
		<bndbox>
			<xmin>16</xmin>
			<ymin>21</ymin>
			<xmax>75</xmax>
			<ymax>92</ymax>
		</bndbox>
	</object>
	<object>
		<name>189</name>
		<pose>Unspecified</pose>
		<truncated>0</truncated>
		<difficult>0</difficult>
		<bndbox>
			<xmin>4</xmin>
			<ymin>12</ymin>
			<xmax>91</xmax>
			<ymax>103</ymax>
		</bndbox>
	</object>
</annotation>
