<annotation>
	<folder>01-李沿增</folder>
	<filename>oc_02_1_0107_1_6.png</filename>
	<path>D:\古文字\古文字\01-李沿增\oc_02_1_0107_1_6.png</path>
	<source>
		<database>Unknown</database>
	</source>
	<size>
		<width>71</width>
		<height>126</height>
		<depth>1</depth>
	</size>
	<segmented>0</segmented>
	<object>
		<name>335</name>
		<pose>Unspecified</pose>
		<truncated>0</truncated>
		<difficult>0</difficult>
		<bndbox>
			<xmin>6</xmin>
			<ymin>5</ymin>
			<xmax>70</xmax>
			<ymax>73</ymax>
		</bndbox>
	</object>
	<object>
		<name>134</name>
		<pose>Unspecified</pose>
		<truncated>0</truncated>
		<difficult>0</difficult>
		<bndbox>
			<xmin>4</xmin>
			<ymin>72</ymin>
			<xmax>70</xmax>
			<ymax>125</ymax>
		</bndbox>
	</object>
</annotation>
