<annotation>
	<folder>03-吴磊</folder>
	<filename>oc_03_1_0408_1_4.png</filename>
	<path>D:\xdd\BaiduNetdiskDownload\03-吴磊\oc_03_1_0408_1_4.png</path>
	<source>
		<database>Unknown</database>
	</source>
	<size>
		<width>86</width>
		<height>127</height>
		<depth>1</depth>
	</size>
	<segmented>0</segmented>
	<object>
		<name>379</name>
		<pose>Unspecified</pose>
		<truncated>0</truncated>
		<difficult>0</difficult>
		<bndbox>
			<xmin>26</xmin>
			<ymin>47</ymin>
			<xmax>71</xmax>
			<ymax>97</ymax>
		</bndbox>
	</object>
	<object>
		<name>327</name>
		<pose>Unspecified</pose>
		<truncated>0</truncated>
		<difficult>0</difficult>
		<bndbox>
			<xmin>21</xmin>
			<ymin>8</ymin>
			<xmax>70</xmax>
			<ymax>52</ymax>
		</bndbox>
	</object>
	<object>
		<name>132</name>
		<pose>Unspecified</pose>
		<truncated>0</truncated>
		<difficult>0</difficult>
		<bndbox>
			<xmin>19</xmin>
			<ymin>60</ymin>
			<xmax>81</xmax>
			<ymax>117</ymax>
		</bndbox>
	</object>
</annotation>
