<annotation>
	<folder>choose_oracle_images</folder>
	<filename>oc_02_1_0141_1_2.png</filename>
	<path>D:\Learn Python\position relationgship\choose_oracle_images\oc_02_1_0141_1_2.png</path>
	<source>
		<database>Unknown</database>
	</source>
	<size>
		<width>53</width>
		<height>71</height>
		<depth>1</depth>
	</size>
	<segmented>0</segmented>
	<object>
		<name>307</name>
		<pose>Unspecified</pose>
		<truncated>0</truncated>
		<difficult>0</difficult>
		<bndbox>
			<xmin>15</xmin>
			<ymin>6</ymin>
			<xmax>47</xmax>
			<ymax>31</ymax>
		</bndbox>
	</object>
	<object>
		<name>154</name>
		<pose>Unspecified</pose>
		<truncated>0</truncated>
		<difficult>0</difficult>
		<bndbox>
			<xmin>5</xmin>
			<ymin>37</ymin>
			<xmax>42</xmax>
			<ymax>67</ymax>
		</bndbox>
	</object>
</annotation>
