<annotation>
	<folder>02-李宇航</folder>
	<filename>oc_02_1_0205_1_1.png</filename>
	<path>C:\Users\wml\Desktop\02-李宇航\02-李宇航\oc_02_1_0205_1_1.png</path>
	<source>
		<database>Unknown</database>
	</source>
	<size>
		<width>99</width>
		<height>108</height>
		<depth>1</depth>
	</size>
	<segmented>0</segmented>
	<object>
		<name>012</name>
		<pose>Unspecified</pose>
		<truncated>0</truncated>
		<difficult>0</difficult>
		<bndbox>
			<xmin>42</xmin>
			<ymin>11</ymin>
			<xmax>90</xmax>
			<ymax>105</ymax>
		</bndbox>
	</object>
	<object>
		<name>134</name>
		<pose>Unspecified</pose>
		<truncated>0</truncated>
		<difficult>0</difficult>
		<bndbox>
			<xmin>11</xmin>
			<ymin>16</ymin>
			<xmax>42</xmax>
			<ymax>52</ymax>
		</bndbox>
	</object>
</annotation>
