<annotation>
	<folder>02-李宇航</folder>
	<filename>oc_02_2_0316_1_1.png</filename>
	<path>C:\Users\Administrator\Desktop\02-李宇航\02-李宇航\oc_02_2_0316_1_1.png</path>
	<source>
		<database>Unknown</database>
	</source>
	<size>
		<width>72</width>
		<height>122</height>
		<depth>1</depth>
	</size>
	<segmented>0</segmented>
	<object>
		<name>247</name>
		<pose>Unspecified</pose>
		<truncated>0</truncated>
		<difficult>0</difficult>
		<bndbox>
			<xmin>39</xmin>
			<ymin>11</ymin>
			<xmax>69</xmax>
			<ymax>118</ymax>
		</bndbox>
	</object>
	<object>
		<name>393</name>
		<pose>Unspecified</pose>
		<truncated>0</truncated>
		<difficult>0</difficult>
		<bndbox>
			<xmin>10</xmin>
			<ymin>13</ymin>
			<xmax>39</xmax>
			<ymax>85</ymax>
		</bndbox>
	</object>
</annotation>
