<annotation>
	<folder>02-李宇航</folder>
	<filename>oc_02_1_0160_1_4.png</filename>
	<path>C:\Users\wml\Desktop\02-李宇航\02-李宇航\oc_02_1_0160_1_4.png</path>
	<source>
		<database>Unknown</database>
	</source>
	<size>
		<width>77</width>
		<height>124</height>
		<depth>1</depth>
	</size>
	<segmented>0</segmented>
	<object>
		<name>335</name>
		<pose>Unspecified</pose>
		<truncated>0</truncated>
		<difficult>0</difficult>
		<bndbox>
			<xmin>20</xmin>
			<ymin>80</ymin>
			<xmax>49</xmax>
			<ymax>113</ymax>
		</bndbox>
	</object>
	<object>
		<name>407</name>
		<pose>Unspecified</pose>
		<truncated>0</truncated>
		<difficult>0</difficult>
		<bndbox>
			<xmin>8</xmin>
			<ymin>9</ymin>
			<xmax>54</xmax>
			<ymax>69</ymax>
		</bndbox>
	</object>
	<object>
		<name>104</name>
		<pose>Unspecified</pose>
		<truncated>0</truncated>
		<difficult>0</difficult>
		<bndbox>
			<xmin>63</xmin>
			<ymin>6</ymin>
			<xmax>75</xmax>
			<ymax>45</ymax>
		</bndbox>
	</object>
</annotation>
