<annotation>
	<folder>choose_oracle_images</folder>
	<filename>oc_01_1_0037_1_5.png</filename>
	<path>D:\Learn Python\position relationgship\choose_oracle_images\oc_01_1_0037_1_5.png</path>
	<source>
		<database>Unknown</database>
	</source>
	<size>
		<width>93</width>
		<height>120</height>
		<depth>1</depth>
	</size>
	<segmented>0</segmented>
	<object>
		<name>421</name>
		<pose>Unspecified</pose>
		<truncated>0</truncated>
		<difficult>0</difficult>
		<bndbox>
			<xmin>49</xmin>
			<ymin>11</ymin>
			<xmax>85</xmax>
			<ymax>83</ymax>
		</bndbox>
	</object>
	<object>
		<name>132</name>
		<pose>Unspecified</pose>
		<truncated>0</truncated>
		<difficult>0</difficult>
		<bndbox>
			<xmin>15</xmin>
			<ymin>10</ymin>
			<xmax>50</xmax>
			<ymax>115</ymax>
		</bndbox>
	</object>
</annotation>
