<annotation>
	<folder>02-李宇航</folder>
	<filename>oc_02_2_0332_1_4.png</filename>
	<path>C:\Users\Administrator\Desktop\02-李宇航\02-李宇航\oc_02_2_0332_1_4.png</path>
	<source>
		<database>Unknown</database>
	</source>
	<size>
		<width>42</width>
		<height>72</height>
		<depth>1</depth>
	</size>
	<segmented>0</segmented>
	<object>
		<name>334</name>
		<pose>Unspecified</pose>
		<truncated>0</truncated>
		<difficult>0</difficult>
		<bndbox>
			<xmin>2</xmin>
			<ymin>2</ymin>
			<xmax>39</xmax>
			<ymax>71</ymax>
		</bndbox>
	</object>
	<object>
		<name>134</name>
		<pose>Unspecified</pose>
		<truncated>0</truncated>
		<difficult>0</difficult>
		<bndbox>
			<xmin>4</xmin>
			<ymin>40</ymin>
			<xmax>37</xmax>
			<ymax>70</ymax>
		</bndbox>
	</object>
</annotation>
