<annotation>
	<folder>02-李宇航</folder>
	<filename>oc_03_1_0372_1_6.png</filename>
	<path>C:\Users\Administrator\Desktop\02-李宇航\02-李宇航\oc_03_1_0372_1_6.png</path>
	<source>
		<database>Unknown</database>
	</source>
	<size>
		<width>106</width>
		<height>118</height>
		<depth>1</depth>
	</size>
	<segmented>0</segmented>
	<object>
		<name>132</name>
		<pose>Unspecified</pose>
		<truncated>0</truncated>
		<difficult>0</difficult>
		<bndbox>
			<xmin>7</xmin>
			<ymin>7</ymin>
			<xmax>60</xmax>
			<ymax>110</ymax>
		</bndbox>
	</object>
	<object>
		<name>132</name>
		<pose>Unspecified</pose>
		<truncated>0</truncated>
		<difficult>0</difficult>
		<bndbox>
			<xmin>54</xmin>
			<ymin>13</ymin>
			<xmax>104</xmax>
			<ymax>107</ymax>
		</bndbox>
	</object>
</annotation>
