<annotation>
	<folder>01-李沿增</folder>
	<filename>oc_02_1_0097_1_5.png</filename>
	<path>D:\古文字\古文字\01-李沿增\oc_02_1_0097_1_5.png</path>
	<source>
		<database>Unknown</database>
	</source>
	<size>
		<width>54</width>
		<height>125</height>
		<depth>1</depth>
	</size>
	<segmented>0</segmented>
	<object>
		<name>104</name>
		<pose>Unspecified</pose>
		<truncated>0</truncated>
		<difficult>0</difficult>
		<bndbox>
			<xmin>14</xmin>
			<ymin>5</ymin>
			<xmax>45</xmax>
			<ymax>92</ymax>
		</bndbox>
	</object>
	<object>
		<name>134</name>
		<pose>Unspecified</pose>
		<truncated>0</truncated>
		<difficult>0</difficult>
		<bndbox>
			<xmin>7</xmin>
			<ymin>89</ymin>
			<xmax>51</xmax>
			<ymax>116</ymax>
		</bndbox>
	</object>
</annotation>
