<annotation>
	<folder>01-李沿增</folder>
	<filename>oc_02_1_0098_1_5.png</filename>
	<path>D:\古文字\古文字\01-李沿增\oc_02_1_0098_1_5.png</path>
	<source>
		<database>Unknown</database>
	</source>
	<size>
		<width>66</width>
		<height>125</height>
		<depth>1</depth>
	</size>
	<segmented>0</segmented>
	<object>
		<name>134</name>
		<pose>Unspecified</pose>
		<truncated>0</truncated>
		<difficult>0</difficult>
		<bndbox>
			<xmin>7</xmin>
			<ymin>82</ymin>
			<xmax>60</xmax>
			<ymax>124</ymax>
		</bndbox>
	</object>
	<object>
		<name>164</name>
		<pose>Unspecified</pose>
		<truncated>1</truncated>
		<difficult>0</difficult>
		<bndbox>
			<xmin>5</xmin>
			<ymin>12</ymin>
			<xmax>66</xmax>
			<ymax>81</ymax>
		</bndbox>
	</object>
</annotation>
