<annotation>
	<folder>02-李宇航</folder>
	<filename>oc_02_2_0274_1_3.png</filename>
	<path>C:\Users\wml\Desktop\02-李宇航\02-李宇航\oc_02_2_0274_1_3.png</path>
	<source>
		<database>Unknown</database>
	</source>
	<size>
		<width>70</width>
		<height>123</height>
		<depth>1</depth>
	</size>
	<segmented>0</segmented>
	<object>
		<name>468</name>
		<pose>Unspecified</pose>
		<truncated>0</truncated>
		<difficult>0</difficult>
		<bndbox>
			<xmin>8</xmin>
			<ymin>56</ymin>
			<xmax>57</xmax>
			<ymax>114</ymax>
		</bndbox>
	</object>
	<object>
		<name>468</name>
		<pose>Unspecified</pose>
		<truncated>0</truncated>
		<difficult>0</difficult>
		<bndbox>
			<xmin>10</xmin>
			<ymin>5</ymin>
			<xmax>61</xmax>
			<ymax>53</ymax>
		</bndbox>
	</object>
	<object>
		<name>327</name>
		<pose>Unspecified</pose>
		<truncated>0</truncated>
		<difficult>0</difficult>
		<bndbox>
			<xmin>31</xmin>
			<ymin>60</ymin>
			<xmax>59</xmax>
			<ymax>113</ymax>
		</bndbox>
	</object>
	<object>
		<name>132</name>
		<pose>Unspecified</pose>
		<truncated>0</truncated>
		<difficult>0</difficult>
		<bndbox>
			<xmin>12</xmin>
			<ymin>58</ymin>
			<xmax>35</xmax>
			<ymax>105</ymax>
		</bndbox>
	</object>
</annotation>
