<annotation>
	<folder>choose_oracle_images</folder>
	<filename>oc_01_1_0033_1_9.png</filename>
	<path>D:\Learn Python\position relationgship\choose_oracle_images\oc_01_1_0033_1_9.png</path>
	<source>
		<database>Unknown</database>
	</source>
	<size>
		<width>99</width>
		<height>127</height>
		<depth>1</depth>
	</size>
	<segmented>0</segmented>
	<object>
		<name>389</name>
		<pose>Unspecified</pose>
		<truncated>0</truncated>
		<difficult>0</difficult>
		<bndbox>
			<xmin>16</xmin>
			<ymin>12</ymin>
			<xmax>62</xmax>
			<ymax>119</ymax>
		</bndbox>
	</object>
	<object>
		<name>132</name>
		<pose>Unspecified</pose>
		<truncated>0</truncated>
		<difficult>0</difficult>
		<bndbox>
			<xmin>65</xmin>
			<ymin>6</ymin>
			<xmax>91</xmax>
			<ymax>108</ymax>
		</bndbox>
	</object>
</annotation>
