<annotation>
	<folder>02-李宇航</folder>
	<filename>oc_02_2_0287_1_4.png</filename>
	<path>C:\Users\Administrator\Desktop\02-李宇航\02-李宇航\oc_02_2_0287_1_4.png</path>
	<source>
		<database>Unknown</database>
	</source>
	<size>
		<width>54</width>
		<height>82</height>
		<depth>1</depth>
	</size>
	<segmented>0</segmented>
	<object>
		<name>387</name>
		<pose>Unspecified</pose>
		<truncated>0</truncated>
		<difficult>0</difficult>
		<bndbox>
			<xmin>27</xmin>
			<ymin>25</ymin>
			<xmax>49</xmax>
			<ymax>75</ymax>
		</bndbox>
	</object>
	<object>
		<name>387</name>
		<pose>Unspecified</pose>
		<truncated>1</truncated>
		<difficult>0</difficult>
		<bndbox>
			<xmin>1</xmin>
			<ymin>25</ymin>
			<xmax>20</xmax>
			<ymax>59</ymax>
		</bndbox>
	</object>
	<object>
		<name>307</name>
		<pose>Unspecified</pose>
		<truncated>1</truncated>
		<difficult>0</difficult>
		<bndbox>
			<xmin>1</xmin>
			<ymin>2</ymin>
			<xmax>34</xmax>
			<ymax>20</ymax>
		</bndbox>
	</object>
</annotation>
