<annotation>
	<folder>choose_oracle_images</folder>
	<filename>oc_02_1_0127_1_4.png</filename>
	<path>D:\Learn Python\position relationgship\choose_oracle_images\oc_02_1_0127_1_4.png</path>
	<source>
		<database>Unknown</database>
	</source>
	<size>
		<width>97</width>
		<height>125</height>
		<depth>1</depth>
	</size>
	<segmented>0</segmented>
	<object>
		<name>307</name>
		<pose>Unspecified</pose>
		<truncated>0</truncated>
		<difficult>0</difficult>
		<bndbox>
			<xmin>12</xmin>
			<ymin>6</ymin>
			<xmax>53</xmax>
			<ymax>81</ymax>
		</bndbox>
	</object>
	<object>
		<name>247</name>
		<pose>Unspecified</pose>
		<truncated>0</truncated>
		<difficult>0</difficult>
		<bndbox>
			<xmin>59</xmin>
			<ymin>5</ymin>
			<xmax>93</xmax>
			<ymax>112</ymax>
		</bndbox>
	</object>
</annotation>
