<annotation>
	<folder>02-李宇航</folder>
	<filename>oc_03_1_0363_1_4.png</filename>
	<path>C:\Users\Administrator\Desktop\02-李宇航\02-李宇航\oc_03_1_0363_1_4.png</path>
	<source>
		<database>Unknown</database>
	</source>
	<size>
		<width>132</width>
		<height>85</height>
		<depth>1</depth>
	</size>
	<segmented>0</segmented>
	<object>
		<name>234</name>
		<pose>Unspecified</pose>
		<truncated>0</truncated>
		<difficult>0</difficult>
		<bndbox>
			<xmin>8</xmin>
			<ymin>26</ymin>
			<xmax>38</xmax>
			<ymax>76</ymax>
		</bndbox>
	</object>
	<object>
		<name>234</name>
		<pose>Unspecified</pose>
		<truncated>0</truncated>
		<difficult>0</difficult>
		<bndbox>
			<xmin>99</xmin>
			<ymin>24</ymin>
			<xmax>127</xmax>
			<ymax>75</ymax>
		</bndbox>
	</object>
	<object>
		<name>134</name>
		<pose>Unspecified</pose>
		<truncated>0</truncated>
		<difficult>0</difficult>
		<bndbox>
			<xmin>35</xmin>
			<ymin>10</ymin>
			<xmax>102</xmax>
			<ymax>58</ymax>
		</bndbox>
	</object>
</annotation>
