<annotation>
	<folder>choose_oracle_images</folder>
	<filename>oc_02_1_0084_1_3.png</filename>
	<path>D:\Learn Python\position relationgship\choose_oracle_images\oc_02_1_0084_1_3.png</path>
	<source>
		<database>Unknown</database>
	</source>
	<size>
		<width>69</width>
		<height>132</height>
		<depth>1</depth>
	</size>
	<segmented>0</segmented>
	<object>
		<name>247</name>
		<pose>Unspecified</pose>
		<truncated>0</truncated>
		<difficult>0</difficult>
		<bndbox>
			<xmin>4</xmin>
			<ymin>6</ymin>
			<xmax>32</xmax>
			<ymax>130</ymax>
		</bndbox>
	</object>
	<object>
		<name>173</name>
		<pose>Unspecified</pose>
		<truncated>0</truncated>
		<difficult>0</difficult>
		<bndbox>
			<xmin>31</xmin>
			<ymin>6</ymin>
			<xmax>63</xmax>
			<ymax>81</ymax>
		</bndbox>
	</object>
</annotation>
