<annotation>
	<folder>02-李宇航</folder>
	<filename>oc_03_1_0363_1_5.png</filename>
	<path>C:\Users\Administrator\Desktop\02-李宇航\02-李宇航\oc_03_1_0363_1_5.png</path>
	<source>
		<database>Unknown</database>
	</source>
	<size>
		<width>131</width>
		<height>93</height>
		<depth>1</depth>
	</size>
	<segmented>0</segmented>
	<object>
		<name>234</name>
		<pose>Unspecified</pose>
		<truncated>0</truncated>
		<difficult>0</difficult>
		<bndbox>
			<xmin>5</xmin>
			<ymin>30</ymin>
			<xmax>34</xmax>
			<ymax>86</ymax>
		</bndbox>
	</object>
	<object>
		<name>234</name>
		<pose>Unspecified</pose>
		<truncated>0</truncated>
		<difficult>0</difficult>
		<bndbox>
			<xmin>102</xmin>
			<ymin>33</ymin>
			<xmax>126</xmax>
			<ymax>81</ymax>
		</bndbox>
	</object>
	<object>
		<name>134</name>
		<pose>Unspecified</pose>
		<truncated>0</truncated>
		<difficult>0</difficult>
		<bndbox>
			<xmin>24</xmin>
			<ymin>7</ymin>
			<xmax>103</xmax>
			<ymax>84</ymax>
		</bndbox>
	</object>
</annotation>
