<annotation>
	<folder>01-李沿增</folder>
	<filename>oc_02_1_0111_1_1.png</filename>
	<path>D:\古文字\古文字\01-李沿增\oc_02_1_0111_1_1.png</path>
	<source>
		<database>Unknown</database>
	</source>
	<size>
		<width>113</width>
		<height>92</height>
		<depth>1</depth>
	</size>
	<segmented>0</segmented>
	<object>
		<name>134</name>
		<pose>Unspecified</pose>
		<truncated>0</truncated>
		<difficult>0</difficult>
		<bndbox>
			<xmin>13</xmin>
			<ymin>41</ymin>
			<xmax>59</xmax>
			<ymax>84</ymax>
		</bndbox>
	</object>
	<object>
		<name>134</name>
		<pose>Unspecified</pose>
		<truncated>1</truncated>
		<difficult>0</difficult>
		<bndbox>
			<xmin>64</xmin>
			<ymin>52</ymin>
			<xmax>110</xmax>
			<ymax>92</ymax>
		</bndbox>
	</object>
	<object>
		<name>134</name>
		<pose>Unspecified</pose>
		<truncated>0</truncated>
		<difficult>0</difficult>
		<bndbox>
			<xmin>46</xmin>
			<ymin>8</ymin>
			<xmax>106</xmax>
			<ymax>50</ymax>
		</bndbox>
	</object>
</annotation>
