<annotation>
	<folder>03-吴磊</folder>
	<filename>oc_03_1_0411_1_1.png</filename>
	<path>D:\xdd\BaiduNetdiskDownload\03-吴磊\oc_03_1_0411_1_1.png</path>
	<source>
		<database>Unknown</database>
	</source>
	<size>
		<width>92</width>
		<height>117</height>
		<depth>1</depth>
	</size>
	<segmented>0</segmented>
	<object>
		<name>323</name>
		<pose>Unspecified</pose>
		<truncated>0</truncated>
		<difficult>0</difficult>
		<bndbox>
			<xmin>18</xmin>
			<ymin>4</ymin>
			<xmax>45</xmax>
			<ymax>36</ymax>
		</bndbox>
	</object>
	<object>
		<name>323</name>
		<pose>Unspecified</pose>
		<truncated>0</truncated>
		<difficult>0</difficult>
		<bndbox>
			<xmin>50</xmin>
			<ymin>11</ymin>
			<xmax>71</xmax>
			<ymax>42</ymax>
		</bndbox>
	</object>
	<object>
		<name>323</name>
		<pose>Unspecified</pose>
		<truncated>0</truncated>
		<difficult>0</difficult>
		<bndbox>
			<xmin>65</xmin>
			<ymin>46</ymin>
			<xmax>87</xmax>
			<ymax>92</ymax>
		</bndbox>
	</object>
	<object>
		<name>323</name>
		<pose>Unspecified</pose>
		<truncated>0</truncated>
		<difficult>0</difficult>
		<bndbox>
			<xmin>7</xmin>
			<ymin>41</ymin>
			<xmax>28</xmax>
			<ymax>65</ymax>
		</bndbox>
	</object>
	<object>
		<name>323</name>
		<pose>Unspecified</pose>
		<truncated>0</truncated>
		<difficult>0</difficult>
		<bndbox>
			<xmin>11</xmin>
			<ymin>77</ymin>
			<xmax>35</xmax>
			<ymax>109</ymax>
		</bndbox>
	</object>
	<object>
		<name>269</name>
		<pose>Unspecified</pose>
		<truncated>0</truncated>
		<difficult>0</difficult>
		<bndbox>
			<xmin>31</xmin>
			<ymin>41</ymin>
			<xmax>64</xmax>
			<ymax>107</ymax>
		</bndbox>
	</object>
</annotation>
