<annotation>
	<folder>02-李宇航</folder>
	<filename>oc_02_1_0217_1_2.png</filename>
	<path>C:\Users\wml\Desktop\02-李宇航\02-李宇航\oc_02_1_0217_1_2.png</path>
	<source>
		<database>Unknown</database>
	</source>
	<size>
		<width>35</width>
		<height>74</height>
		<depth>1</depth>
	</size>
	<segmented>0</segmented>
	<object>
		<name>387</name>
		<pose>Unspecified</pose>
		<truncated>0</truncated>
		<difficult>0</difficult>
		<bndbox>
			<xmin>7</xmin>
			<ymin>2</ymin>
			<xmax>34</xmax>
			<ymax>71</ymax>
		</bndbox>
	</object>
	<object>
		<name>307</name>
		<pose>Unspecified</pose>
		<truncated>0</truncated>
		<difficult>0</difficult>
		<bndbox>
			<xmin>2</xmin>
			<ymin>39</ymin>
			<xmax>8</xmax>
			<ymax>51</ymax>
		</bndbox>
	</object>
</annotation>
