<annotation>
	<folder>03-吴磊</folder>
	<filename>oc_03_1_0382_1_3.png</filename>
	<path>D:\xdd\BaiduNetdiskDownload\03-吴磊\oc_03_1_0382_1_3.png</path>
	<source>
		<database>Unknown</database>
	</source>
	<size>
		<width>52</width>
		<height>132</height>
		<depth>1</depth>
	</size>
	<segmented>0</segmented>
	<object>
		<name>186</name>
		<pose>Unspecified</pose>
		<truncated>0</truncated>
		<difficult>0</difficult>
		<bndbox>
			<xmin>9</xmin>
			<ymin>55</ymin>
			<xmax>47</xmax>
			<ymax>122</ymax>
		</bndbox>
	</object>
	<object>
		<name>327</name>
		<pose>Unspecified</pose>
		<truncated>0</truncated>
		<difficult>0</difficult>
		<bndbox>
			<xmin>14</xmin>
			<ymin>7</ymin>
			<xmax>35</xmax>
			<ymax>59</ymax>
		</bndbox>
	</object>
</annotation>
