<annotation>
	<folder>02-李宇航</folder>
	<filename>oc_02_2_0286_1_2.png</filename>
	<path>C:\Users\Administrator\Desktop\02-李宇航\02-李宇航\oc_02_2_0286_1_2.png</path>
	<source>
		<database>Unknown</database>
	</source>
	<size>
		<width>78</width>
		<height>124</height>
		<depth>1</depth>
	</size>
	<segmented>0</segmented>
	<object>
		<name>154</name>
		<pose>Unspecified</pose>
		<truncated>1</truncated>
		<difficult>0</difficult>
		<bndbox>
			<xmin>8</xmin>
			<ymin>9</ymin>
			<xmax>78</xmax>
			<ymax>63</ymax>
		</bndbox>
	</object>
	<object>
		<name>307</name>
		<pose>Unspecified</pose>
		<truncated>0</truncated>
		<difficult>0</difficult>
		<bndbox>
			<xmin>12</xmin>
			<ymin>49</ymin>
			<xmax>63</xmax>
			<ymax>118</ymax>
		</bndbox>
	</object>
</annotation>
