<annotation>
	<folder>choose_oracle_images</folder>
	<filename>oc_01_1_0037_1_6.png</filename>
	<path>D:\Learn Python\position relationgship\choose_oracle_images\oc_01_1_0037_1_6.png</path>
	<source>
		<database>Unknown</database>
	</source>
	<size>
		<width>79</width>
		<height>133</height>
		<depth>1</depth>
	</size>
	<segmented>0</segmented>
	<object>
		<name>132</name>
		<pose>Unspecified</pose>
		<truncated>0</truncated>
		<difficult>0</difficult>
		<bndbox>
			<xmin>26</xmin>
			<ymin>19</ymin>
			<xmax>69</xmax>
			<ymax>123</ymax>
		</bndbox>
	</object>
	<object>
		<name>421</name>
		<pose>Unspecified</pose>
		<truncated>0</truncated>
		<difficult>0</difficult>
		<bndbox>
			<xmin>10</xmin>
			<ymin>37</ymin>
			<xmax>42</xmax>
			<ymax>77</ymax>
		</bndbox>
	</object>
</annotation>
