<annotation>
	<folder>choose_oracle_images</folder>
	<filename>oc_01_1_0037_1_12.png</filename>
	<path>D:\Learn Python\position relationgship\choose_oracle_images\oc_01_1_0037_1_12.png</path>
	<source>
		<database>Unknown</database>
	</source>
	<size>
		<width>93</width>
		<height>113</height>
		<depth>1</depth>
	</size>
	<segmented>0</segmented>
	<object>
		<name>132</name>
		<pose>Unspecified</pose>
		<truncated>0</truncated>
		<difficult>0</difficult>
		<bndbox>
			<xmin>43</xmin>
			<ymin>5</ymin>
			<xmax>89</xmax>
			<ymax>108</ymax>
		</bndbox>
	</object>
	<object>
		<name>421</name>
		<pose>Unspecified</pose>
		<truncated>0</truncated>
		<difficult>0</difficult>
		<bndbox>
			<xmin>7</xmin>
			<ymin>13</ymin>
			<xmax>43</xmax>
			<ymax>65</ymax>
		</bndbox>
	</object>
</annotation>
