<annotation>
	<folder>59_radical_labelled_new</folder>
	<filename>oc_01_1_0050_4_3.png</filename>
	<path>D:\Learn Python\position relationgship\59_radical_labelled_new\oc_01_1_0050_4_3.png</path>
	<source>
		<database>Unknown</database>
	</source>
	<size>
		<width>66</width>
		<height>132</height>
		<depth>1</depth>
	</size>
	<segmented>0</segmented>
	<object>
		<name>277</name>
		<pose>Unspecified</pose>
		<truncated>0</truncated>
		<difficult>0</difficult>
		<bndbox>
			<xmin>2</xmin>
			<ymin>49</ymin>
			<xmax>52</xmax>
			<ymax>80</ymax>
		</bndbox>
	</object>
	<object>
		<name>287</name>
		<pose>Unspecified</pose>
		<truncated>0</truncated>
		<difficult>0</difficult>
		<bndbox>
			<xmin>35</xmin>
			<ymin>13</ymin>
			<xmax>59</xmax>
			<ymax>45</ymax>
		</bndbox>
	</object>
	<object>
		<name>287</name>
		<pose>Unspecified</pose>
		<truncated>0</truncated>
		<difficult>0</difficult>
		<bndbox>
			<xmin>28</xmin>
			<ymin>90</ymin>
			<xmax>52</xmax>
			<ymax>126</ymax>
		</bndbox>
	</object>
</annotation>
