<annotation>
	<folder>02-李宇航</folder>
	<filename>oc_02_2_0343_1_3.png</filename>
	<path>C:\Users\Administrator\Desktop\02-李宇航\02-李宇航\oc_02_2_0343_1_3.png</path>
	<source>
		<database>Unknown</database>
	</source>
	<size>
		<width>62</width>
		<height>115</height>
		<depth>1</depth>
	</size>
	<segmented>0</segmented>
	<object>
		<name>318</name>
		<pose>Unspecified</pose>
		<truncated>0</truncated>
		<difficult>0</difficult>
		<bndbox>
			<xmin>22</xmin>
			<ymin>10</ymin>
			<xmax>56</xmax>
			<ymax>97</ymax>
		</bndbox>
	</object>
	<object>
		<name>134</name>
		<pose>Unspecified</pose>
		<truncated>0</truncated>
		<difficult>0</difficult>
		<bndbox>
			<xmin>21</xmin>
			<ymin>66</ymin>
			<xmax>58</xmax>
			<ymax>110</ymax>
		</bndbox>
	</object>
	<object>
		<name>247</name>
		<pose>Unspecified</pose>
		<truncated>1</truncated>
		<difficult>0</difficult>
		<bndbox>
			<xmin>1</xmin>
			<ymin>9</ymin>
			<xmax>20</xmax>
			<ymax>86</ymax>
		</bndbox>
	</object>
</annotation>
