<annotation>
	<folder>01-李沿增</folder>
	<filename>oc_02_1_0035_3_2.png</filename>
	<path>D:\古文字\古文字\01-李沿增\oc_02_1_0035_3_2.png</path>
	<source>
		<database>Unknown</database>
	</source>
	<size>
		<width>66</width>
		<height>58</height>
		<depth>1</depth>
	</size>
	<segmented>0</segmented>
	<object>
		<name>030</name>
		<pose>Unspecified</pose>
		<truncated>0</truncated>
		<difficult>0</difficult>
		<bndbox>
			<xmin>6</xmin>
			<ymin>6</ymin>
			<xmax>64</xmax>
			<ymax>55</ymax>
		</bndbox>
	</object>
</annotation>
