<annotation>
	<folder>02-李宇航</folder>
	<filename>oc_02_1_0203_1_1.png</filename>
	<path>C:\Users\wml\Desktop\02-李宇航\02-李宇航\oc_02_1_0203_1_1.png</path>
	<source>
		<database>Unknown</database>
	</source>
	<size>
		<width>58</width>
		<height>69</height>
		<depth>1</depth>
	</size>
	<segmented>0</segmented>
	<object>
		<name>379</name>
		<pose>Unspecified</pose>
		<truncated>0</truncated>
		<difficult>0</difficult>
		<bndbox>
			<xmin>2</xmin>
			<ymin>4</ymin>
			<xmax>56</xmax>
			<ymax>45</ymax>
		</bndbox>
	</object>
	<object>
		<name>134</name>
		<pose>Unspecified</pose>
		<truncated>0</truncated>
		<difficult>0</difficult>
		<bndbox>
			<xmin>10</xmin>
			<ymin>39</ymin>
			<xmax>45</xmax>
			<ymax>64</ymax>
		</bndbox>
	</object>
</annotation>
