<annotation>
	<folder>02-李宇航</folder>
	<filename>oc_02_2_0327_1_1.png</filename>
	<path>C:\Users\Administrator\Desktop\02-李宇航\02-李宇航\oc_02_2_0327_1_1.png</path>
	<source>
		<database>Unknown</database>
	</source>
	<size>
		<width>43</width>
		<height>94</height>
		<depth>1</depth>
	</size>
	<segmented>0</segmented>
	<object>
		<name>407</name>
		<pose>Unspecified</pose>
		<truncated>0</truncated>
		<difficult>0</difficult>
		<bndbox>
			<xmin>3</xmin>
			<ymin>4</ymin>
			<xmax>42</xmax>
			<ymax>46</ymax>
		</bndbox>
	</object>
	<object>
		<name>134</name>
		<pose>Unspecified</pose>
		<truncated>1</truncated>
		<difficult>0</difficult>
		<bndbox>
			<xmin>1</xmin>
			<ymin>51</ymin>
			<xmax>36</xmax>
			<ymax>89</ymax>
		</bndbox>
	</object>
</annotation>
