<annotation>
	<folder>02-李宇航</folder>
	<filename>oc_02_1_0231_1_3.png</filename>
	<path>C:\Users\wml\Desktop\02-李宇航\02-李宇航\oc_02_1_0231_1_3.png</path>
	<source>
		<database>Unknown</database>
	</source>
	<size>
		<width>63</width>
		<height>123</height>
		<depth>1</depth>
	</size>
	<segmented>0</segmented>
	<object>
		<name>247</name>
		<pose>Unspecified</pose>
		<truncated>0</truncated>
		<difficult>0</difficult>
		<bndbox>
			<xmin>42</xmin>
			<ymin>41</ymin>
			<xmax>58</xmax>
			<ymax>114</ymax>
		</bndbox>
	</object>
	<object>
		<name>134</name>
		<pose>Unspecified</pose>
		<truncated>0</truncated>
		<difficult>0</difficult>
		<bndbox>
			<xmin>3</xmin>
			<ymin>64</ymin>
			<xmax>40</xmax>
			<ymax>99</ymax>
		</bndbox>
	</object>
	<object>
		<name>307</name>
		<pose>Unspecified</pose>
		<truncated>0</truncated>
		<difficult>0</difficult>
		<bndbox>
			<xmin>12</xmin>
			<ymin>30</ymin>
			<xmax>38</xmax>
			<ymax>74</ymax>
		</bndbox>
	</object>
</annotation>
