<annotation>
	<folder>choose_oracle_images</folder>
	<filename>oc_01_1_0033_2_4.png</filename>
	<path>D:\Learn Python\position relationgship\choose_oracle_images\oc_01_1_0033_2_4.png</path>
	<source>
		<database>Unknown</database>
	</source>
	<size>
		<width>99</width>
		<height>123</height>
		<depth>1</depth>
	</size>
	<segmented>0</segmented>
	<object>
		<name>132</name>
		<pose>Unspecified</pose>
		<truncated>0</truncated>
		<difficult>0</difficult>
		<bndbox>
			<xmin>69</xmin>
			<ymin>42</ymin>
			<xmax>91</xmax>
			<ymax>93</ymax>
		</bndbox>
	</object>
	<object>
		<name>132</name>
		<pose>Unspecified</pose>
		<truncated>0</truncated>
		<difficult>0</difficult>
		<bndbox>
			<xmin>9</xmin>
			<ymin>20</ymin>
			<xmax>32</xmax>
			<ymax>84</ymax>
		</bndbox>
	</object>
	<object>
		<name>389</name>
		<pose>Unspecified</pose>
		<truncated>0</truncated>
		<difficult>0</difficult>
		<bndbox>
			<xmin>40</xmin>
			<ymin>23</ymin>
			<xmax>62</xmax>
			<ymax>104</ymax>
		</bndbox>
	</object>
</annotation>
