<annotation>
	<folder>choose_oracle_images</folder>
	<filename>oc_01_1_0045_2_3.png</filename>
	<path>D:\Learn Python\position relationgship\choose_oracle_images\oc_01_1_0045_2_3.png</path>
	<source>
		<database>Unknown</database>
	</source>
	<size>
		<width>69</width>
		<height>135</height>
		<depth>1</depth>
	</size>
	<segmented>0</segmented>
	<object>
		<name>132</name>
		<pose>Unspecified</pose>
		<truncated>0</truncated>
		<difficult>0</difficult>
		<bndbox>
			<xmin>3</xmin>
			<ymin>17</ymin>
			<xmax>28</xmax>
			<ymax>109</ymax>
		</bndbox>
	</object>
	<object>
		<name>287</name>
		<pose>Unspecified</pose>
		<truncated>0</truncated>
		<difficult>0</difficult>
		<bndbox>
			<xmin>21</xmin>
			<ymin>3</ymin>
			<xmax>52</xmax>
			<ymax>64</ymax>
		</bndbox>
	</object>
	<object>
		<name>287</name>
		<pose>Unspecified</pose>
		<truncated>0</truncated>
		<difficult>0</difficult>
		<bndbox>
			<xmin>30</xmin>
			<ymin>75</ymin>
			<xmax>60</xmax>
			<ymax>122</ymax>
		</bndbox>
	</object>
</annotation>
