<annotation>
	<folder>choose_oracle_images</folder>
	<filename>oc_02_1_0165_1_3.png</filename>
	<path>D:\Learn Python\position relationgship\choose_oracle_images\oc_02_1_0165_1_3.png</path>
	<source>
		<database>Unknown</database>
	</source>
	<size>
		<width>29</width>
		<height>79</height>
		<depth>1</depth>
	</size>
	<segmented>0</segmented>
	<object>
		<name>387</name>
		<pose>Unspecified</pose>
		<truncated>1</truncated>
		<difficult>0</difficult>
		<bndbox>
			<xmin>10</xmin>
			<ymin>1</ymin>
			<xmax>27</xmax>
			<ymax>74</ymax>
		</bndbox>
	</object>
	<object>
		<name>132</name>
		<pose>Unspecified</pose>
		<truncated>0</truncated>
		<difficult>0</difficult>
		<bndbox>
			<xmin>4</xmin>
			<ymin>35</ymin>
			<xmax>16</xmax>
			<ymax>60</ymax>
		</bndbox>
	</object>
</annotation>
