<annotation>
	<folder>59_radical_labelled_new</folder>
	<filename>oc_02_1_0107_1_1.jpg</filename>
	<path>D:\Learn Python\position relationgship\59_radical_labelled_new\oc_02_1_0107_1_1.jpg</path>
	<source>
		<database>Unknown</database>
	</source>
	<size>
		<width>79</width>
		<height>124</height>
		<depth>1</depth>
	</size>
	<segmented>0</segmented>
	<object>
		<name>134</name>
		<pose>Unspecified</pose>
		<truncated>0</truncated>
		<difficult>0</difficult>
		<bndbox>
			<xmin>9</xmin>
			<ymin>71</ymin>
			<xmax>75</xmax>
			<ymax>120</ymax>
		</bndbox>
	</object>
	<object>
		<name>335</name>
		<pose>Unspecified</pose>
		<truncated>0</truncated>
		<difficult>0</difficult>
		<bndbox>
			<xmin>12</xmin>
			<ymin>15</ymin>
			<xmax>63</xmax>
			<ymax>81</ymax>
		</bndbox>
	</object>
</annotation>
