<annotation>
	<folder>choose_oracle_images</folder>
	<filename>oc_02_1_0088_1_1.png</filename>
	<path>D:\Learn Python\position relationgship\choose_oracle_images\oc_02_1_0088_1_1.png</path>
	<source>
		<database>Unknown</database>
	</source>
	<size>
		<width>80</width>
		<height>122</height>
		<depth>1</depth>
	</size>
	<segmented>0</segmented>
	<object>
		<name>247</name>
		<pose>Unspecified</pose>
		<truncated>0</truncated>
		<difficult>0</difficult>
		<bndbox>
			<xmin>44</xmin>
			<ymin>9</ymin>
			<xmax>75</xmax>
			<ymax>113</ymax>
		</bndbox>
	</object>
	<object>
		<name>063</name>
		<pose>Unspecified</pose>
		<truncated>0</truncated>
		<difficult>0</difficult>
		<bndbox>
			<xmin>11</xmin>
			<ymin>3</ymin>
			<xmax>43</xmax>
			<ymax>59</ymax>
		</bndbox>
	</object>
	<object>
		<name>134</name>
		<pose>Unspecified</pose>
		<truncated>0</truncated>
		<difficult>0</difficult>
		<bndbox>
			<xmin>17</xmin>
			<ymin>61</ymin>
			<xmax>40</xmax>
			<ymax>82</ymax>
		</bndbox>
	</object>
</annotation>
