<annotation>
	<folder>01-李沿增</folder>
	<filename>oc_02_1_0115_1_6.png</filename>
	<path>D:\古文字\古文字\01-李沿增\oc_02_1_0115_1_6.png</path>
	<source>
		<database>Unknown</database>
	</source>
	<size>
		<width>58</width>
		<height>134</height>
		<depth>1</depth>
	</size>
	<segmented>0</segmented>
	<object>
		<name>134</name>
		<pose>Unspecified</pose>
		<truncated>0</truncated>
		<difficult>0</difficult>
		<bndbox>
			<xmin>16</xmin>
			<ymin>108</ymin>
			<xmax>51</xmax>
			<ymax>131</ymax>
		</bndbox>
	</object>
	<object>
		<name>484</name>
		<pose>Unspecified</pose>
		<truncated>0</truncated>
		<difficult>0</difficult>
		<bndbox>
			<xmin>7</xmin>
			<ymin>6</ymin>
			<xmax>52</xmax>
			<ymax>100</ymax>
		</bndbox>
	</object>
</annotation>
