<annotation>
	<folder>02-李宇航</folder>
	<filename>oc_02_2_0284_1_10.png</filename>
	<path>C:\Users\Administrator\Desktop\02-李宇航\02-李宇航\oc_02_2_0284_1_10.png</path>
	<source>
		<database>Unknown</database>
	</source>
	<size>
		<width>68</width>
		<height>88</height>
		<depth>1</depth>
	</size>
	<segmented>0</segmented>
	<object>
		<name>026</name>
		<pose>Unspecified</pose>
		<truncated>0</truncated>
		<difficult>0</difficult>
		<bndbox>
			<xmin>8</xmin>
			<ymin>9</ymin>
			<xmax>59</xmax>
			<ymax>54</ymax>
		</bndbox>
	</object>
	<object>
		<name>307</name>
		<pose>Unspecified</pose>
		<truncated>0</truncated>
		<difficult>0</difficult>
		<bndbox>
			<xmin>19</xmin>
			<ymin>56</ymin>
			<xmax>60</xmax>
			<ymax>78</ymax>
		</bndbox>
	</object>
</annotation>
