<annotation>
	<folder>02-李宇航</folder>
	<filename>oc_02_2_0332_1_2.png</filename>
	<path>C:\Users\Administrator\Desktop\02-李宇航\02-李宇航\oc_02_2_0332_1_2.png</path>
	<source>
		<database>Unknown</database>
	</source>
	<size>
		<width>54</width>
		<height>60</height>
		<depth>1</depth>
	</size>
	<segmented>0</segmented>
	<object>
		<name>134</name>
		<pose>Unspecified</pose>
		<truncated>0</truncated>
		<difficult>0</difficult>
		<bndbox>
			<xmin>2</xmin>
			<ymin>22</ymin>
			<xmax>27</xmax>
			<ymax>50</ymax>
		</bndbox>
	</object>
	<object>
		<name>334</name>
		<pose>Unspecified</pose>
		<truncated>1</truncated>
		<difficult>0</difficult>
		<bndbox>
			<xmin>27</xmin>
			<ymin>4</ymin>
			<xmax>54</xmax>
			<ymax>59</ymax>
		</bndbox>
	</object>
</annotation>
