<annotation>
	<folder>03-吴磊</folder>
	<filename>oc_03_1_0382_1_1.png</filename>
	<path>D:\xdd\BaiduNetdiskDownload\03-吴磊\oc_03_1_0382_1_1.png</path>
	<source>
		<database>Unknown</database>
	</source>
	<size>
		<width>67</width>
		<height>131</height>
		<depth>1</depth>
	</size>
	<segmented>0</segmented>
	<object>
		<name>186</name>
		<pose>Unspecified</pose>
		<truncated>0</truncated>
		<difficult>0</difficult>
		<bndbox>
			<xmin>3</xmin>
			<ymin>43</ymin>
			<xmax>55</xmax>
			<ymax>123</ymax>
		</bndbox>
	</object>
	<object>
		<name>327</name>
		<pose>Unspecified</pose>
		<truncated>0</truncated>
		<difficult>0</difficult>
		<bndbox>
			<xmin>24</xmin>
			<ymin>9</ymin>
			<xmax>51</xmax>
			<ymax>42</ymax>
		</bndbox>
	</object>
</annotation>
