<annotation>
	<folder>59_radical_labelled_new</folder>
	<filename>oc_02_1_0107_1_3.jpg</filename>
	<path>D:\Learn Python\position relationgship\59_radical_labelled_new\oc_02_1_0107_1_3.jpg</path>
	<source>
		<database>Unknown</database>
	</source>
	<size>
		<width>75</width>
		<height>125</height>
		<depth>1</depth>
	</size>
	<segmented>0</segmented>
	<object>
		<name>335</name>
		<pose>Unspecified</pose>
		<truncated>0</truncated>
		<difficult>0</difficult>
		<bndbox>
			<xmin>16</xmin>
			<ymin>6</ymin>
			<xmax>72</xmax>
			<ymax>53</ymax>
		</bndbox>
	</object>
	<object>
		<name>134</name>
		<pose>Unspecified</pose>
		<truncated>0</truncated>
		<difficult>0</difficult>
		<bndbox>
			<xmin>7</xmin>
			<ymin>58</ymin>
			<xmax>64</xmax>
			<ymax>116</ymax>
		</bndbox>
	</object>
</annotation>
