<annotation>
	<folder>03-吴磊</folder>
	<filename>oc_03_1_0397_1_2.png</filename>
	<path>D:\xdd\BaiduNetdiskDownload\03-吴磊\oc_03_1_0397_1_2.png</path>
	<source>
		<database>Unknown</database>
	</source>
	<size>
		<width>59</width>
		<height>124</height>
		<depth>1</depth>
	</size>
	<segmented>0</segmented>
	<object>
		<name>269</name>
		<pose>Unspecified</pose>
		<truncated>0</truncated>
		<difficult>0</difficult>
		<bndbox>
			<xmin>30</xmin>
			<ymin>20</ymin>
			<xmax>53</xmax>
			<ymax>120</ymax>
		</bndbox>
	</object>
	<object>
		<name>062</name>
		<pose>Unspecified</pose>
		<truncated>0</truncated>
		<difficult>0</difficult>
		<bndbox>
			<xmin>4</xmin>
			<ymin>6</ymin>
			<xmax>32</xmax>
			<ymax>96</ymax>
		</bndbox>
	</object>
</annotation>
