<annotation>
	<folder>02-李宇航</folder>
	<filename>oc_02_2_0345_1_1.png</filename>
	<path>C:\Users\Administrator\Desktop\02-李宇航\02-李宇航\oc_02_2_0345_1_1.png</path>
	<source>
		<database>Unknown</database>
	</source>
	<size>
		<width>131</width>
		<height>223</height>
		<depth>1</depth>
	</size>
	<segmented>0</segmented>
	<object>
		<name>247</name>
		<pose>Unspecified</pose>
		<truncated>0</truncated>
		<difficult>0</difficult>
		<bndbox>
			<xmin>9</xmin>
			<ymin>82</ymin>
			<xmax>75</xmax>
			<ymax>204</ymax>
		</bndbox>
	</object>
	<object>
		<name>307</name>
		<pose>Unspecified</pose>
		<truncated>0</truncated>
		<difficult>0</difficult>
		<bndbox>
			<xmin>63</xmin>
			<ymin>108</ymin>
			<xmax>128</xmax>
			<ymax>192</ymax>
		</bndbox>
	</object>
	<object>
		<name>111</name>
		<pose>Unspecified</pose>
		<truncated>0</truncated>
		<difficult>0</difficult>
		<bndbox>
			<xmin>59</xmin>
			<ymin>6</ymin>
			<xmax>120</xmax>
			<ymax>77</ymax>
		</bndbox>
	</object>
</annotation>
