<annotation>
	<folder>01-李沿增</folder>
	<filename>oc_02_1_0089_1_2.png</filename>
	<path>D:\古文字\古文字\01-李沿增\oc_02_1_0089_1_2.png</path>
	<source>
		<database>Unknown</database>
	</source>
	<size>
		<width>91</width>
		<height>108</height>
		<depth>1</depth>
	</size>
	<segmented>0</segmented>
	<object>
		<name>027</name>
		<pose>Unspecified</pose>
		<truncated>0</truncated>
		<difficult>0</difficult>
		<bndbox>
			<xmin>3</xmin>
			<ymin>13</ymin>
			<xmax>26</xmax>
			<ymax>95</ymax>
		</bndbox>
	</object>
	<object>
		<name>027</name>
		<pose>Unspecified</pose>
		<truncated>0</truncated>
		<difficult>0</difficult>
		<bndbox>
			<xmin>66</xmin>
			<ymin>8</ymin>
			<xmax>88</xmax>
			<ymax>102</ymax>
		</bndbox>
	</object>
	<object>
		<name>134</name>
		<pose>Unspecified</pose>
		<truncated>0</truncated>
		<difficult>0</difficult>
		<bndbox>
			<xmin>32</xmin>
			<ymin>34</ymin>
			<xmax>61</xmax>
			<ymax>100</ymax>
		</bndbox>
	</object>
</annotation>
