<annotation>
	<folder>01-李沿增</folder>
	<filename>oc_01_2_0079_1_2.png</filename>
	<path>D:\古文字\古文字\01-李沿增\oc_01_2_0079_1_2.png</path>
	<source>
		<database>Unknown</database>
	</source>
	<size>
		<width>97</width>
		<height>122</height>
		<depth>1</depth>
	</size>
	<segmented>0</segmented>
	<object>
		<name>389</name>
		<pose>Unspecified</pose>
		<truncated>0</truncated>
		<difficult>0</difficult>
		<bndbox>
			<xmin>28</xmin>
			<ymin>59</ymin>
			<xmax>85</xmax>
			<ymax>115</ymax>
		</bndbox>
	</object>
</annotation>
