<annotation>
	<folder>01-李沿增</folder>
	<filename>oc_01_2_0079_3_1.png</filename>
	<path>D:\古文字\古文字\01-李沿增\oc_01_2_0079_3_1.png</path>
	<source>
		<database>Unknown</database>
	</source>
	<size>
		<width>89</width>
		<height>123</height>
		<depth>1</depth>
	</size>
	<segmented>0</segmented>
	<object>
		<name>389</name>
		<pose>Unspecified</pose>
		<truncated>0</truncated>
		<difficult>0</difficult>
		<bndbox>
			<xmin>8</xmin>
			<ymin>66</ymin>
			<xmax>67</xmax>
			<ymax>118</ymax>
		</bndbox>
	</object>
	<object>
		<name>234</name>
		<pose>Unspecified</pose>
		<truncated>0</truncated>
		<difficult>0</difficult>
		<bndbox>
			<xmin>7</xmin>
			<ymin>7</ymin>
			<xmax>86</xmax>
			<ymax>65</ymax>
		</bndbox>
	</object>
</annotation>
