<annotation>
	<folder>03-吴磊</folder>
	<filename>oc_03_1_0386_1_6.png</filename>
	<path>D:\xdd\BaiduNetdiskDownload\03-吴磊\oc_03_1_0386_1_6.png</path>
	<source>
		<database>Unknown</database>
	</source>
	<size>
		<width>54</width>
		<height>117</height>
		<depth>1</depth>
	</size>
	<segmented>0</segmented>
	<object>
		<name>334</name>
		<pose>Unspecified</pose>
		<truncated>0</truncated>
		<difficult>0</difficult>
		<bndbox>
			<xmin>8</xmin>
			<ymin>37</ymin>
			<xmax>39</xmax>
			<ymax>76</ymax>
		</bndbox>
	</object>
	<object>
		<name>327</name>
		<pose>Unspecified</pose>
		<truncated>0</truncated>
		<difficult>0</difficult>
		<bndbox>
			<xmin>21</xmin>
			<ymin>16</ymin>
			<xmax>40</xmax>
			<ymax>39</ymax>
		</bndbox>
	</object>
	<object>
		<name>132</name>
		<pose>Unspecified</pose>
		<truncated>0</truncated>
		<difficult>0</difficult>
		<bndbox>
			<xmin>38</xmin>
			<ymin>72</ymin>
			<xmax>50</xmax>
			<ymax>107</ymax>
		</bndbox>
	</object>
</annotation>
