<annotation>
	<folder>02-李宇航</folder>
	<filename>oc_02_2_0287_1_5.png</filename>
	<path>C:\Users\Administrator\Desktop\02-李宇航\02-李宇航\oc_02_2_0287_1_5.png</path>
	<source>
		<database>Unknown</database>
	</source>
	<size>
		<width>45</width>
		<height>90</height>
		<depth>1</depth>
	</size>
	<segmented>0</segmented>
	<object>
		<name>387</name>
		<pose>Unspecified</pose>
		<truncated>0</truncated>
		<difficult>0</difficult>
		<bndbox>
			<xmin>3</xmin>
			<ymin>44</ymin>
			<xmax>20</xmax>
			<ymax>72</ymax>
		</bndbox>
	</object>
	<object>
		<name>387</name>
		<pose>Unspecified</pose>
		<truncated>0</truncated>
		<difficult>0</difficult>
		<bndbox>
			<xmin>20</xmin>
			<ymin>46</ymin>
			<xmax>33</xmax>
			<ymax>83</ymax>
		</bndbox>
	</object>
	<object>
		<name>307</name>
		<pose>Unspecified</pose>
		<truncated>0</truncated>
		<difficult>0</difficult>
		<bndbox>
			<xmin>6</xmin>
			<ymin>2</ymin>
			<xmax>38</xmax>
			<ymax>52</ymax>
		</bndbox>
	</object>
</annotation>
