<annotation>
	<folder>01-李沿增</folder>
	<filename>oc_02_1_0153_1_7.png</filename>
	<path>D:\古文字\古文字\01-李沿增\oc_02_1_0153_1_7.png</path>
	<source>
		<database>Unknown</database>
	</source>
	<size>
		<width>80</width>
		<height>131</height>
		<depth>1</depth>
	</size>
	<segmented>0</segmented>
	<object>
		<name>335</name>
		<pose>Unspecified</pose>
		<truncated>0</truncated>
		<difficult>0</difficult>
		<bndbox>
			<xmin>8</xmin>
			<ymin>6</ymin>
			<xmax>46</xmax>
			<ymax>114</ymax>
		</bndbox>
	</object>
	<object>
		<name>111</name>
		<pose>Unspecified</pose>
		<truncated>0</truncated>
		<difficult>0</difficult>
		<bndbox>
			<xmin>50</xmin>
			<ymin>22</ymin>
			<xmax>76</xmax>
			<ymax>114</ymax>
		</bndbox>
	</object>
</annotation>
