<annotation>
	<folder>59_radical_labelled_new</folder>
	<filename>oc_02_1_0154_1_1.jpg</filename>
	<path>D:\Learn Python\position relationgship\59_radical_labelled_new\oc_02_1_0154_1_1.jpg</path>
	<source>
		<database>Unknown</database>
	</source>
	<size>
		<width>67</width>
		<height>123</height>
		<depth>1</depth>
	</size>
	<segmented>0</segmented>
	<object>
		<name>335</name>
		<pose>Unspecified</pose>
		<truncated>0</truncated>
		<difficult>0</difficult>
		<bndbox>
			<xmin>6</xmin>
			<ymin>9</ymin>
			<xmax>64</xmax>
			<ymax>117</ymax>
		</bndbox>
	</object>
</annotation>
