<annotation>
	<folder>02-李宇航</folder>
	<filename>oc_02_2_0274_1_4.png</filename>
	<path>C:\Users\wml\Desktop\02-李宇航\02-李宇航\oc_02_2_0274_1_4.png</path>
	<source>
		<database>Unknown</database>
	</source>
	<size>
		<width>70</width>
		<height>117</height>
		<depth>1</depth>
	</size>
	<segmented>0</segmented>
	<object>
		<name>327</name>
		<pose>Unspecified</pose>
		<truncated>0</truncated>
		<difficult>0</difficult>
		<bndbox>
			<xmin>45</xmin>
			<ymin>14</ymin>
			<xmax>65</xmax>
			<ymax>57</ymax>
		</bndbox>
	</object>
	<object>
		<name>468</name>
		<pose>Unspecified</pose>
		<truncated>0</truncated>
		<difficult>0</difficult>
		<bndbox>
			<xmin>6</xmin>
			<ymin>27</ymin>
			<xmax>51</xmax>
			<ymax>72</ymax>
		</bndbox>
	</object>
	<object>
		<name>468</name>
		<pose>Unspecified</pose>
		<truncated>0</truncated>
		<difficult>0</difficult>
		<bndbox>
			<xmin>12</xmin>
			<ymin>77</ymin>
			<xmax>62</xmax>
			<ymax>116</ymax>
		</bndbox>
	</object>
	<object>
		<name>132</name>
		<pose>Unspecified</pose>
		<truncated>0</truncated>
		<difficult>0</difficult>
		<bndbox>
			<xmin>22</xmin>
			<ymin>3</ymin>
			<xmax>45</xmax>
			<ymax>29</ymax>
		</bndbox>
	</object>
</annotation>
