<annotation>
	<folder>02-李宇航</folder>
	<filename>oc_02_1_0203_1_5.png</filename>
	<path>C:\Users\wml\Desktop\02-李宇航\02-李宇航\oc_02_1_0203_1_5.png</path>
	<source>
		<database>Unknown</database>
	</source>
	<size>
		<width>63</width>
		<height>62</height>
		<depth>1</depth>
	</size>
	<segmented>0</segmented>
	<object>
		<name>379</name>
		<pose>Unspecified</pose>
		<truncated>0</truncated>
		<difficult>0</difficult>
		<bndbox>
			<xmin>14</xmin>
			<ymin>2</ymin>
			<xmax>51</xmax>
			<ymax>29</ymax>
		</bndbox>
	</object>
	<object>
		<name>134</name>
		<pose>Unspecified</pose>
		<truncated>0</truncated>
		<difficult>0</difficult>
		<bndbox>
			<xmin>2</xmin>
			<ymin>5</ymin>
			<xmax>61</xmax>
			<ymax>59</ymax>
		</bndbox>
	</object>
</annotation>
