<annotation>
	<folder>01-李沿增</folder>
	<filename>oc_01_1_0050_9_1.png</filename>
	<path>D:\古文字\古文字\01-李沿增\oc_01_1_0050_9_1.png</path>
	<source>
		<database>Unknown</database>
	</source>
	<size>
		<width>99</width>
		<height>128</height>
		<depth>1</depth>
	</size>
	<segmented>0</segmented>
	<object>
		<name>287</name>
		<pose>Unspecified</pose>
		<truncated>1</truncated>
		<difficult>0</difficult>
		<bndbox>
			<xmin>67</xmin>
			<ymin>32</ymin>
			<xmax>99</xmax>
			<ymax>81</ymax>
		</bndbox>
	</object>
	<object>
		<name>484</name>
		<pose>Unspecified</pose>
		<truncated>0</truncated>
		<difficult>0</difficult>
		<bndbox>
			<xmin>17</xmin>
			<ymin>46</ymin>
			<xmax>66</xmax>
			<ymax>123</ymax>
		</bndbox>
	</object>
</annotation>
