<annotation>
	<folder>choose_oracle_images</folder>
	<filename>oc_02_1_0156_1_4.png</filename>
	<path>D:\Learn Python\position relationgship\choose_oracle_images\oc_02_1_0156_1_4.png</path>
	<source>
		<database>Unknown</database>
	</source>
	<size>
		<width>87</width>
		<height>124</height>
		<depth>1</depth>
	</size>
	<segmented>0</segmented>
	<object>
		<name>335</name>
		<pose>Unspecified</pose>
		<truncated>0</truncated>
		<difficult>0</difficult>
		<bndbox>
			<xmin>30</xmin>
			<ymin>35</ymin>
			<xmax>72</xmax>
			<ymax>116</ymax>
		</bndbox>
	</object>
	<object>
		<name>189</name>
		<pose>Unspecified</pose>
		<truncated>0</truncated>
		<difficult>0</difficult>
		<bndbox>
			<xmin>5</xmin>
			<ymin>6</ymin>
			<xmax>81</xmax>
			<ymax>120</ymax>
		</bndbox>
	</object>
</annotation>
