<annotation>
	<folder>choose_oracle_images</folder>
	<filename>oc_01_2_0079_2_4.png</filename>
	<path>D:\Learn Python\position relationgship\choose_oracle_images\oc_01_2_0079_2_4.png</path>
	<source>
		<database>Unknown</database>
	</source>
	<size>
		<width>96</width>
		<height>126</height>
		<depth>1</depth>
	</size>
	<segmented>0</segmented>
	<object>
		<name>389</name>
		<pose>Unspecified</pose>
		<truncated>0</truncated>
		<difficult>0</difficult>
		<bndbox>
			<xmin>19</xmin>
			<ymin>67</ymin>
			<xmax>73</xmax>
			<ymax>124</ymax>
		</bndbox>
	</object>
	<object>
		<name>484</name>
		<pose>Unspecified</pose>
		<truncated>0</truncated>
		<difficult>0</difficult>
		<bndbox>
			<xmin>24</xmin>
			<ymin>24</ymin>
			<xmax>89</xmax>
			<ymax>66</ymax>
		</bndbox>
	</object>
	<object>
		<name>132</name>
		<pose>Unspecified</pose>
		<truncated>0</truncated>
		<difficult>0</difficult>
		<bndbox>
			<xmin>42</xmin>
			<ymin>6</ymin>
			<xmax>76</xmax>
			<ymax>46</ymax>
		</bndbox>
	</object>
</annotation>
