<annotation>
	<folder>02-李宇航</folder>
	<filename>oc_02_2_0332_1_3.png</filename>
	<path>C:\Users\Administrator\Desktop\02-李宇航\02-李宇航\oc_02_2_0332_1_3.png</path>
	<source>
		<database>Unknown</database>
	</source>
	<size>
		<width>57</width>
		<height>66</height>
		<depth>1</depth>
	</size>
	<segmented>0</segmented>
	<object>
		<name>134</name>
		<pose>Unspecified</pose>
		<truncated>0</truncated>
		<difficult>0</difficult>
		<bndbox>
			<xmin>4</xmin>
			<ymin>21</ymin>
			<xmax>29</xmax>
			<ymax>50</ymax>
		</bndbox>
	</object>
	<object>
		<name>334</name>
		<pose>Unspecified</pose>
		<truncated>0</truncated>
		<difficult>0</difficult>
		<bndbox>
			<xmin>19</xmin>
			<ymin>2</ymin>
			<xmax>54</xmax>
			<ymax>63</ymax>
		</bndbox>
	</object>
</annotation>
