<annotation>
	<folder>02-李宇航</folder>
	<filename>oc_02_1_0195_1_2.png</filename>
	<path>C:\Users\wml\Desktop\02-李宇航\02-李宇航\oc_02_1_0195_1_2.png</path>
	<source>
		<database>Unknown</database>
	</source>
	<size>
		<width>56</width>
		<height>130</height>
		<depth>1</depth>
	</size>
	<segmented>0</segmented>
	<object>
		<name>164</name>
		<pose>Unspecified</pose>
		<truncated>0</truncated>
		<difficult>0</difficult>
		<bndbox>
			<xmin>12</xmin>
			<ymin>8</ymin>
			<xmax>39</xmax>
			<ymax>47</ymax>
		</bndbox>
	</object>
	<object>
		<name>461</name>
		<pose>Unspecified</pose>
		<truncated>0</truncated>
		<difficult>0</difficult>
		<bndbox>
			<xmin>12</xmin>
			<ymin>57</ymin>
			<xmax>52</xmax>
			<ymax>123</ymax>
		</bndbox>
	</object>
</annotation>
