<annotation>
	<folder>02-李宇航</folder>
	<filename>oc_02_1_0225_1_5.png</filename>
	<path>C:\Users\wml\Desktop\02-李宇航\02-李宇航\oc_02_1_0225_1_5.png</path>
	<source>
		<database>Unknown</database>
	</source>
	<size>
		<width>51</width>
		<height>76</height>
		<depth>1</depth>
	</size>
	<segmented>0</segmented>
	<object>
		<name>189</name>
		<pose>Unspecified</pose>
		<truncated>1</truncated>
		<difficult>0</difficult>
		<bndbox>
			<xmin>1</xmin>
			<ymin>4</ymin>
			<xmax>49</xmax>
			<ymax>70</ymax>
		</bndbox>
	</object>
	<object>
		<name>307</name>
		<pose>Unspecified</pose>
		<truncated>0</truncated>
		<difficult>0</difficult>
		<bndbox>
			<xmin>11</xmin>
			<ymin>21</ymin>
			<xmax>36</xmax>
			<ymax>72</ymax>
		</bndbox>
	</object>
</annotation>
