<annotation>
	<folder>02-李宇航</folder>
	<filename>oc_02_1_0180_1_2.png</filename>
	<path>C:\Users\wml\Desktop\02-李宇航\02-李宇航\oc_02_1_0180_1_2.png</path>
	<source>
		<database>Unknown</database>
	</source>
	<size>
		<width>54</width>
		<height>125</height>
		<depth>1</depth>
	</size>
	<segmented>0</segmented>
	<object>
		<name>461</name>
		<pose>Unspecified</pose>
		<truncated>0</truncated>
		<difficult>0</difficult>
		<bndbox>
			<xmin>9</xmin>
			<ymin>6</ymin>
			<xmax>48</xmax>
			<ymax>90</ymax>
		</bndbox>
	</object>
	<object>
		<name>307</name>
		<pose>Unspecified</pose>
		<truncated>1</truncated>
		<difficult>0</difficult>
		<bndbox>
			<xmin>18</xmin>
			<ymin>70</ymin>
			<xmax>54</xmax>
			<ymax>123</ymax>
		</bndbox>
	</object>
</annotation>
