<annotation>
	<folder>59_radical_labelled_new</folder>
	<filename>oc_02_1_0147_1_3.jpg</filename>
	<path>D:\Learn Python\position relationgship\59_radical_labelled_new\oc_02_1_0147_1_3.jpg</path>
	<source>
		<database>Unknown</database>
	</source>
	<size>
		<width>76</width>
		<height>123</height>
		<depth>1</depth>
	</size>
	<segmented>0</segmented>
	<object>
		<name>111</name>
		<pose>Unspecified</pose>
		<truncated>0</truncated>
		<difficult>0</difficult>
		<bndbox>
			<xmin>27</xmin>
			<ymin>2</ymin>
			<xmax>72</xmax>
			<ymax>99</ymax>
		</bndbox>
	</object>
	<object>
		<name>307</name>
		<pose>Unspecified</pose>
		<truncated>0</truncated>
		<difficult>0</difficult>
		<bndbox>
			<xmin>14</xmin>
			<ymin>57</ymin>
			<xmax>39</xmax>
			<ymax>112</ymax>
		</bndbox>
	</object>
</annotation>
