<annotation>
	<folder>59_radical_labelled_new</folder>
	<filename>oc_01_2_0066_1_1.png</filename>
	<path>D:\Learn Python\position relationgship\59_radical_labelled_new\oc_01_2_0066_1_1.png</path>
	<source>
		<database>Unknown</database>
	</source>
	<size>
		<width>98</width>
		<height>114</height>
		<depth>1</depth>
	</size>
	<segmented>0</segmented>
	<object>
		<name>419</name>
		<pose>Unspecified</pose>
		<truncated>0</truncated>
		<difficult>0</difficult>
		<bndbox>
			<xmin>6</xmin>
			<ymin>14</ymin>
			<xmax>38</xmax>
			<ymax>67</ymax>
		</bndbox>
	</object>
	<object>
		<name>206</name>
		<pose>Unspecified</pose>
		<truncated>0</truncated>
		<difficult>0</difficult>
		<bndbox>
			<xmin>57</xmin>
			<ymin>20</ymin>
			<xmax>75</xmax>
			<ymax>83</ymax>
		</bndbox>
	</object>
	<object>
		<name>206</name>
		<pose>Unspecified</pose>
		<truncated>0</truncated>
		<difficult>0</difficult>
		<bndbox>
			<xmin>74</xmin>
			<ymin>40</ymin>
			<xmax>90</xmax>
			<ymax>104</ymax>
		</bndbox>
	</object>
	<object>
		<name>134</name>
		<pose>Unspecified</pose>
		<truncated>0</truncated>
		<difficult>0</difficult>
		<bndbox>
			<xmin>35</xmin>
			<ymin>58</ymin>
			<xmax>57</xmax>
			<ymax>84</ymax>
		</bndbox>
	</object>
</annotation>
