<annotation>
	<folder>02-李宇航</folder>
	<filename>oc_02_2_0277_1_3.png</filename>
	<path>C:\Users\Administrator\Desktop\02-李宇航\02-李宇航\oc_02_2_0277_1_3.png</path>
	<source>
		<database>Unknown</database>
	</source>
	<size>
		<width>61</width>
		<height>124</height>
		<depth>1</depth>
	</size>
	<segmented>0</segmented>
	<object>
		<name>537</name>
		<pose>Unspecified</pose>
		<truncated>1</truncated>
		<difficult>0</difficult>
		<bndbox>
			<xmin>12</xmin>
			<ymin>1</ymin>
			<xmax>47</xmax>
			<ymax>70</ymax>
		</bndbox>
	</object>
	<object>
		<name>307</name>
		<pose>Unspecified</pose>
		<truncated>0</truncated>
		<difficult>0</difficult>
		<bndbox>
			<xmin>26</xmin>
			<ymin>74</ymin>
			<xmax>55</xmax>
			<ymax>119</ymax>
		</bndbox>
	</object>
</annotation>
