<annotation>
	<folder>01-李沿增</folder>
	<filename>oc_02_1_0149_1_1.png</filename>
	<path>D:\古文字\古文字\01-李沿增\oc_02_1_0149_1_1.png</path>
	<source>
		<database>Unknown</database>
	</source>
	<size>
		<width>54</width>
		<height>84</height>
		<depth>1</depth>
	</size>
	<segmented>0</segmented>
	<object>
		<name>307</name>
		<pose>Unspecified</pose>
		<truncated>1</truncated>
		<difficult>0</difficult>
		<bndbox>
			<xmin>20</xmin>
			<ymin>5</ymin>
			<xmax>54</xmax>
			<ymax>46</ymax>
		</bndbox>
	</object>
	<object>
		<name>307</name>
		<pose>Unspecified</pose>
		<truncated>1</truncated>
		<difficult>0</difficult>
		<bndbox>
			<xmin>23</xmin>
			<ymin>51</ymin>
			<xmax>50</xmax>
			<ymax>84</ymax>
		</bndbox>
	</object>
	<object>
		<name>307</name>
		<pose>Unspecified</pose>
		<truncated>0</truncated>
		<difficult>0</difficult>
		<bndbox>
			<xmin>5</xmin>
			<ymin>43</ymin>
			<xmax>25</xmax>
			<ymax>77</ymax>
		</bndbox>
	</object>
</annotation>
