<annotation>
	<folder>59_radical_labelled_new</folder>
	<filename>oc_02_1_0139_1_3.jpg</filename>
	<path>D:\Learn Python\position relationgship\59_radical_labelled_new\oc_02_1_0139_1_3.jpg</path>
	<source>
		<database>Unknown</database>
	</source>
	<size>
		<width>75</width>
		<height>114</height>
		<depth>1</depth>
	</size>
	<segmented>0</segmented>
	<object>
		<name>252</name>
		<pose>Unspecified</pose>
		<truncated>0</truncated>
		<difficult>0</difficult>
		<bndbox>
			<xmin>3</xmin>
			<ymin>4</ymin>
			<xmax>69</xmax>
			<ymax>107</ymax>
		</bndbox>
	</object>
	<object>
		<name>134</name>
		<pose>Unspecified</pose>
		<truncated>0</truncated>
		<difficult>0</difficult>
		<bndbox>
			<xmin>2</xmin>
			<ymin>42</ymin>
			<xmax>33</xmax>
			<ymax>79</ymax>
		</bndbox>
	</object>
</annotation>
