<annotation>
	<folder>59_radical_labelled_new</folder>
	<filename>oc_02_2_0314_1_1.png</filename>
	<path>D:\Learn Python\position relationgship\59_radical_labelled_new\oc_02_2_0314_1_1.png</path>
	<source>
		<database>Unknown</database>
	</source>
	<size>
		<width>92</width>
		<height>124</height>
		<depth>1</depth>
	</size>
	<segmented>0</segmented>
	<object>
		<name>247</name>
		<pose>Unspecified</pose>
		<truncated>0</truncated>
		<difficult>0</difficult>
		<bndbox>
			<xmin>10</xmin>
			<ymin>22</ymin>
			<xmax>41</xmax>
			<ymax>113</ymax>
		</bndbox>
	</object>
	<object>
		<name>132</name>
		<pose>Unspecified</pose>
		<truncated>0</truncated>
		<difficult>0</difficult>
		<bndbox>
			<xmin>46</xmin>
			<ymin>12</ymin>
			<xmax>78</xmax>
			<ymax>57</ymax>
		</bndbox>
	</object>
	<object>
		<name>132</name>
		<pose>Unspecified</pose>
		<truncated>0</truncated>
		<difficult>0</difficult>
		<bndbox>
			<xmin>49</xmin>
			<ymin>58</ymin>
			<xmax>79</xmax>
			<ymax>120</ymax>
		</bndbox>
	</object>
	<object>
		<name>027</name>
		<pose>Unspecified</pose>
		<truncated>0</truncated>
		<difficult>0</difficult>
		<bndbox>
			<xmin>5</xmin>
			<ymin>80</ymin>
			<xmax>17</xmax>
			<ymax>112</ymax>
		</bndbox>
	</object>
</annotation>
