<annotation>
	<folder>choose_oracle_images</folder>
	<filename>oc_02_1_0141_1_1.png</filename>
	<path>D:\Learn Python\position relationgship\choose_oracle_images\oc_02_1_0141_1_1.png</path>
	<source>
		<database>Unknown</database>
	</source>
	<size>
		<width>53</width>
		<height>65</height>
		<depth>1</depth>
	</size>
	<segmented>0</segmented>
	<object>
		<name>154</name>
		<pose>Unspecified</pose>
		<truncated>0</truncated>
		<difficult>0</difficult>
		<bndbox>
			<xmin>3</xmin>
			<ymin>30</ymin>
			<xmax>32</xmax>
			<ymax>60</ymax>
		</bndbox>
	</object>
	<object>
		<name>307</name>
		<pose>Unspecified</pose>
		<truncated>1</truncated>
		<difficult>0</difficult>
		<bndbox>
			<xmin>17</xmin>
			<ymin>1</ymin>
			<xmax>47</xmax>
			<ymax>25</ymax>
		</bndbox>
	</object>
</annotation>
