<annotation>
	<folder>02-李宇航</folder>
	<filename>oc_03_1_0372_1_4.png</filename>
	<path>C:\Users\Administrator\Desktop\02-李宇航\02-李宇航\oc_03_1_0372_1_4.png</path>
	<source>
		<database>Unknown</database>
	</source>
	<size>
		<width>110</width>
		<height>108</height>
		<depth>1</depth>
	</size>
	<segmented>0</segmented>
	<object>
		<name>132</name>
		<pose>Unspecified</pose>
		<truncated>0</truncated>
		<difficult>0</difficult>
		<bndbox>
			<xmin>6</xmin>
			<ymin>11</ymin>
			<xmax>55</xmax>
			<ymax>105</ymax>
		</bndbox>
	</object>
	<object>
		<name>132</name>
		<pose>Unspecified</pose>
		<truncated>0</truncated>
		<difficult>0</difficult>
		<bndbox>
			<xmin>59</xmin>
			<ymin>10</ymin>
			<xmax>108</xmax>
			<ymax>105</ymax>
		</bndbox>
	</object>
</annotation>
