<annotation>
	<folder>02-李宇航</folder>
	<filename>oc_03_1_0361_1_2.png</filename>
	<path>C:\Users\Administrator\Desktop\02-李宇航\02-李宇航\oc_03_1_0361_1_2.png</path>
	<source>
		<database>Unknown</database>
	</source>
	<size>
		<width>65</width>
		<height>131</height>
		<depth>1</depth>
	</size>
	<segmented>0</segmented>
	<object>
		<name>123</name>
		<pose>Unspecified</pose>
		<truncated>0</truncated>
		<difficult>0</difficult>
		<bndbox>
			<xmin>9</xmin>
			<ymin>29</ymin>
			<xmax>51</xmax>
			<ymax>127</ymax>
		</bndbox>
	</object>
	<object>
		<name>132</name>
		<pose>Unspecified</pose>
		<truncated>0</truncated>
		<difficult>0</difficult>
		<bndbox>
			<xmin>32</xmin>
			<ymin>9</ymin>
			<xmax>57</xmax>
			<ymax>80</ymax>
		</bndbox>
	</object>
	<object>
		<name>132</name>
		<pose>Unspecified</pose>
		<truncated>0</truncated>
		<difficult>0</difficult>
		<bndbox>
			<xmin>50</xmin>
			<ymin>4</ymin>
			<xmax>63</xmax>
			<ymax>27</ymax>
		</bndbox>
	</object>
</annotation>
