<annotation>
	<folder>03-吴磊</folder>
	<filename>oc_03_1_0385_2_1.png</filename>
	<path>D:\xdd\BaiduNetdiskDownload\03-吴磊\oc_03_1_0385_2_1.png</path>
	<source>
		<database>Unknown</database>
	</source>
	<size>
		<width>59</width>
		<height>132</height>
		<depth>1</depth>
	</size>
	<segmented>0</segmented>
	<object>
		<name>189</name>
		<pose>Unspecified</pose>
		<truncated>0</truncated>
		<difficult>0</difficult>
		<bndbox>
			<xmin>5</xmin>
			<ymin>7</ymin>
			<xmax>55</xmax>
			<ymax>93</ymax>
		</bndbox>
	</object>
	<object>
		<name>269</name>
		<pose>Unspecified</pose>
		<truncated>0</truncated>
		<difficult>0</difficult>
		<bndbox>
			<xmin>10</xmin>
			<ymin>34</ymin>
			<xmax>32</xmax>
			<ymax>94</ymax>
		</bndbox>
	</object>
	<object>
		<name>062</name>
		<pose>Unspecified</pose>
		<truncated>0</truncated>
		<difficult>0</difficult>
		<bndbox>
			<xmin>32</xmin>
			<ymin>34</ymin>
			<xmax>47</xmax>
			<ymax>128</ymax>
		</bndbox>
	</object>
</annotation>
