<annotation>
	<folder>choose_oracle_images</folder>
	<filename>oc_02_1_0156_2_10.png</filename>
	<path>D:\Learn Python\position relationgship\choose_oracle_images\oc_02_1_0156_2_10.png</path>
	<source>
		<database>Unknown</database>
	</source>
	<size>
		<width>137</width>
		<height>124</height>
		<depth>1</depth>
	</size>
	<segmented>0</segmented>
	<object>
		<name>408</name>
		<pose>Unspecified</pose>
		<truncated>0</truncated>
		<difficult>0</difficult>
		<bndbox>
			<xmin>48</xmin>
			<ymin>30</ymin>
			<xmax>96</xmax>
			<ymax>86</ymax>
		</bndbox>
	</object>
	<object>
		<name>189</name>
		<pose>Unspecified</pose>
		<truncated>0</truncated>
		<difficult>0</difficult>
		<bndbox>
			<xmin>16</xmin>
			<ymin>5</ymin>
			<xmax>122</xmax>
			<ymax>116</ymax>
		</bndbox>
	</object>
</annotation>
