<annotation verified="yes">
	<folder>choose_oracle_images</folder>
	<filename>oc_01_1_0045_1_1.png</filename>
	<path>D:\Learn Python\position relationgship\choose_oracle_images\oc_01_1_0045_1_1.png</path>
	<source>
		<database>Unknown</database>
	</source>
	<size>
		<width>97</width>
		<height>126</height>
		<depth>1</depth>
	</size>
	<segmented>0</segmented>
	<object>
		<name>206</name>
		<pose>Unspecified</pose>
		<truncated>0</truncated>
		<difficult>0</difficult>
		<bndbox>
			<xmin>12</xmin>
			<ymin>42</ymin>
			<xmax>51</xmax>
			<ymax>77</ymax>
		</bndbox>
	</object>
	<object>
		<name>132</name>
		<pose>Unspecified</pose>
		<truncated>0</truncated>
		<difficult>0</difficult>
		<bndbox>
			<xmin>40</xmin>
			<ymin>25</ymin>
			<xmax>89</xmax>
			<ymax>124</ymax>
		</bndbox>
	</object>
	<object>
		<name>206</name>
		<pose>Unspecified</pose>
		<truncated>0</truncated>
		<difficult>0</difficult>
		<bndbox>
			<xmin>43</xmin>
			<ymin>5</ymin>
			<xmax>65</xmax>
			<ymax>34</ymax>
		</bndbox>
	</object>
</annotation>
