<annotation>
	<folder>02-李宇航</folder>
	<filename>oc_02_2_0258_1_1.png</filename>
	<path>C:\Users\wml\Desktop\02-李宇航\02-李宇航\oc_02_2_0258_1_1.png</path>
	<source>
		<database>Unknown</database>
	</source>
	<size>
		<width>57</width>
		<height>131</height>
		<depth>1</depth>
	</size>
	<segmented>0</segmented>
	<object>
		<name>247</name>
		<pose>Unspecified</pose>
		<truncated>0</truncated>
		<difficult>0</difficult>
		<bndbox>
			<xmin>34</xmin>
			<ymin>40</ymin>
			<xmax>55</xmax>
			<ymax>118</ymax>
		</bndbox>
	</object>
	<object>
		<name>408</name>
		<pose>Unspecified</pose>
		<truncated>0</truncated>
		<difficult>0</difficult>
		<bndbox>
			<xmin>7</xmin>
			<ymin>7</ymin>
			<xmax>19</xmax>
			<ymax>21</ymax>
		</bndbox>
	</object>
	<object>
		<name>408</name>
		<pose>Unspecified</pose>
		<truncated>0</truncated>
		<difficult>0</difficult>
		<bndbox>
			<xmin>13</xmin>
			<ymin>57</ymin>
			<xmax>35</xmax>
			<ymax>119</ymax>
		</bndbox>
	</object>
	<object>
		<name>307</name>
		<pose>Unspecified</pose>
		<truncated>0</truncated>
		<difficult>0</difficult>
		<bndbox>
			<xmin>14</xmin>
			<ymin>8</ymin>
			<xmax>43</xmax>
			<ymax>54</ymax>
		</bndbox>
	</object>
</annotation>
