<annotation>
	<folder>01-李沿增</folder>
	<filename>oc_01_1_0053_1_2.png</filename>
	<path>D:\古文字\古文字\01-李沿增\oc_01_1_0053_1_2.png</path>
	<source>
		<database>Unknown</database>
	</source>
	<size>
		<width>91</width>
		<height>135</height>
		<depth>1</depth>
	</size>
	<segmented>0</segmented>
	<object>
		<name>334</name>
		<pose>Unspecified</pose>
		<truncated>0</truncated>
		<difficult>0</difficult>
		<bndbox>
			<xmin>8</xmin>
			<ymin>10</ymin>
			<xmax>86</xmax>
			<ymax>118</ymax>
		</bndbox>
	</object>
</annotation>
