<annotation>
	<folder>01-李沿增</folder>
	<filename>oc_02_1_0098_1_6.png</filename>
	<path>D:\古文字\古文字\01-李沿增\oc_02_1_0098_1_6.png</path>
	<source>
		<database>Unknown</database>
	</source>
	<size>
		<width>88</width>
		<height>108</height>
		<depth>1</depth>
	</size>
	<segmented>0</segmented>
	<object>
		<name>134</name>
		<pose>Unspecified</pose>
		<truncated>1</truncated>
		<difficult>0</difficult>
		<bndbox>
			<xmin>7</xmin>
			<ymin>66</ymin>
			<xmax>88</xmax>
			<ymax>103</ymax>
		</bndbox>
	</object>
	<object>
		<name>164</name>
		<pose>Unspecified</pose>
		<truncated>0</truncated>
		<difficult>0</difficult>
		<bndbox>
			<xmin>17</xmin>
			<ymin>9</ymin>
			<xmax>76</xmax>
			<ymax>62</ymax>
		</bndbox>
	</object>
</annotation>
