<annotation>
	<folder>01-李沿增</folder>
	<filename>oc_02_1_0153_1_5.png</filename>
	<path>D:\古文字\古文字\01-李沿增\oc_02_1_0153_1_5.png</path>
	<source>
		<database>Unknown</database>
	</source>
	<size>
		<width>75</width>
		<height>123</height>
		<depth>1</depth>
	</size>
	<segmented>0</segmented>
	<object>
		<name>335</name>
		<pose>Unspecified</pose>
		<truncated>0</truncated>
		<difficult>0</difficult>
		<bndbox>
			<xmin>3</xmin>
			<ymin>14</ymin>
			<xmax>48</xmax>
			<ymax>119</ymax>
		</bndbox>
	</object>
	<object>
		<name>111</name>
		<pose>Unspecified</pose>
		<truncated>0</truncated>
		<difficult>0</difficult>
		<bndbox>
			<xmin>44</xmin>
			<ymin>42</ymin>
			<xmax>70</xmax>
			<ymax>111</ymax>
		</bndbox>
	</object>
</annotation>
