<annotation>
	<folder>01-李沿增</folder>
	<filename>oc_02_1_0097_1_1.png</filename>
	<path>D:\古文字\古文字\01-李沿增\oc_02_1_0097_1_1.png</path>
	<source>
		<database>Unknown</database>
	</source>
	<size>
		<width>50</width>
		<height>132</height>
		<depth>1</depth>
	</size>
	<segmented>0</segmented>
	<object>
		<name>104</name>
		<pose>Unspecified</pose>
		<truncated>0</truncated>
		<difficult>0</difficult>
		<bndbox>
			<xmin>16</xmin>
			<ymin>6</ymin>
			<xmax>45</xmax>
			<ymax>80</ymax>
		</bndbox>
	</object>
	<object>
		<name>134</name>
		<pose>Unspecified</pose>
		<truncated>0</truncated>
		<difficult>0</difficult>
		<bndbox>
			<xmin>4</xmin>
			<ymin>83</ymin>
			<xmax>41</xmax>
			<ymax>123</ymax>
		</bndbox>
	</object>
</annotation>
