<annotation>
	<folder>choose_oracle_images</folder>
	<filename>oc_01_1_0045_1_5.png</filename>
	<path>D:\Learn Python\position relationgship\choose_oracle_images\oc_01_1_0045_1_5.png</path>
	<source>
		<database>Unknown</database>
	</source>
	<size>
		<width>77</width>
		<height>126</height>
		<depth>1</depth>
	</size>
	<segmented>0</segmented>
	<object>
		<name>132</name>
		<pose>Unspecified</pose>
		<truncated>0</truncated>
		<difficult>0</difficult>
		<bndbox>
			<xmin>13</xmin>
			<ymin>26</ymin>
			<xmax>49</xmax>
			<ymax>106</ymax>
		</bndbox>
	</object>
	<object>
		<name>206</name>
		<pose>Unspecified</pose>
		<truncated>0</truncated>
		<difficult>0</difficult>
		<bndbox>
			<xmin>46</xmin>
			<ymin>73</ymin>
			<xmax>71</xmax>
			<ymax>98</ymax>
		</bndbox>
	</object>
	<object>
		<name>206</name>
		<pose>Unspecified</pose>
		<truncated>0</truncated>
		<difficult>0</difficult>
		<bndbox>
			<xmin>37</xmin>
			<ymin>12</ymin>
			<xmax>67</xmax>
			<ymax>46</ymax>
		</bndbox>
	</object>
</annotation>
