<annotation>
	<folder>choose_oracle_images</folder>
	<filename>oc_02_1_0088_1_3.png</filename>
	<path>D:\Learn Python\position relationgship\choose_oracle_images\oc_02_1_0088_1_3.png</path>
	<source>
		<database>Unknown</database>
	</source>
	<size>
		<width>85</width>
		<height>123</height>
		<depth>1</depth>
	</size>
	<segmented>0</segmented>
	<object>
		<name>247</name>
		<pose>Unspecified</pose>
		<truncated>0</truncated>
		<difficult>0</difficult>
		<bndbox>
			<xmin>11</xmin>
			<ymin>13</ymin>
			<xmax>39</xmax>
			<ymax>97</ymax>
		</bndbox>
	</object>
	<object>
		<name>063</name>
		<pose>Unspecified</pose>
		<truncated>0</truncated>
		<difficult>0</difficult>
		<bndbox>
			<xmin>39</xmin>
			<ymin>2</ymin>
			<xmax>64</xmax>
			<ymax>53</ymax>
		</bndbox>
	</object>
	<object>
		<name>134</name>
		<pose>Unspecified</pose>
		<truncated>0</truncated>
		<difficult>0</difficult>
		<bndbox>
			<xmin>43</xmin>
			<ymin>54</ymin>
			<xmax>64</xmax>
			<ymax>76</ymax>
		</bndbox>
	</object>
</annotation>
