<annotation>
	<folder>02-李宇航</folder>
	<filename>oc_02_1_0184_1_3.png</filename>
	<path>C:\Users\wml\Desktop\02-李宇航\02-李宇航\oc_02_1_0184_1_3.png</path>
	<source>
		<database>Unknown</database>
	</source>
	<size>
		<width>99</width>
		<height>118</height>
		<depth>1</depth>
	</size>
	<segmented>0</segmented>
	<object>
		<name>484</name>
		<pose>Unspecified</pose>
		<truncated>0</truncated>
		<difficult>0</difficult>
		<bndbox>
			<xmin>2</xmin>
			<ymin>5</ymin>
			<xmax>94</xmax>
			<ymax>71</ymax>
		</bndbox>
	</object>
	<object>
		<name>307</name>
		<pose>Unspecified</pose>
		<truncated>0</truncated>
		<difficult>0</difficult>
		<bndbox>
			<xmin>52</xmin>
			<ymin>67</ymin>
			<xmax>87</xmax>
			<ymax>115</ymax>
		</bndbox>
	</object>
</annotation>
