<annotation>
	<folder>choose_oracle_images</folder>
	<filename>oc_01_1_0045_1_4.png</filename>
	<path>D:\Learn Python\position relationgship\choose_oracle_images\oc_01_1_0045_1_4.png</path>
	<source>
		<database>Unknown</database>
	</source>
	<size>
		<width>73</width>
		<height>128</height>
		<depth>1</depth>
	</size>
	<segmented>0</segmented>
	<object>
		<name>132</name>
		<pose>Unspecified</pose>
		<truncated>0</truncated>
		<difficult>0</difficult>
		<bndbox>
			<xmin>8</xmin>
			<ymin>37</ymin>
			<xmax>38</xmax>
			<ymax>107</ymax>
		</bndbox>
	</object>
	<object>
		<name>206</name>
		<pose>Unspecified</pose>
		<truncated>0</truncated>
		<difficult>0</difficult>
		<bndbox>
			<xmin>24</xmin>
			<ymin>14</ymin>
			<xmax>64</xmax>
			<ymax>56</ymax>
		</bndbox>
	</object>
	<object>
		<name>206</name>
		<pose>Unspecified</pose>
		<truncated>0</truncated>
		<difficult>0</difficult>
		<bndbox>
			<xmin>37</xmin>
			<ymin>71</ymin>
			<xmax>66</xmax>
			<ymax>114</ymax>
		</bndbox>
	</object>
</annotation>
