<annotation>
	<folder>choose_oracle_images</folder>
	<filename>oc_02_1_0135_1_3.png</filename>
	<path>D:\Learn Python\position relationgship\choose_oracle_images\oc_02_1_0135_1_3.png</path>
	<source>
		<database>Unknown</database>
	</source>
	<size>
		<width>87</width>
		<height>124</height>
		<depth>1</depth>
	</size>
	<segmented>0</segmented>
	<object>
		<name>468</name>
		<pose>Unspecified</pose>
		<truncated>0</truncated>
		<difficult>0</difficult>
		<bndbox>
			<xmin>16</xmin>
			<ymin>40</ymin>
			<xmax>82</xmax>
			<ymax>115</ymax>
		</bndbox>
	</object>
</annotation>
