<annotation>
	<folder>02-李宇航</folder>
	<filename>oc_03_1_0372_1_5.png</filename>
	<path>C:\Users\Administrator\Desktop\02-李宇航\02-李宇航\oc_03_1_0372_1_5.png</path>
	<source>
		<database>Unknown</database>
	</source>
	<size>
		<width>89</width>
		<height>121</height>
		<depth>1</depth>
	</size>
	<segmented>0</segmented>
	<object>
		<name>132</name>
		<pose>Unspecified</pose>
		<truncated>0</truncated>
		<difficult>0</difficult>
		<bndbox>
			<xmin>15</xmin>
			<ymin>19</ymin>
			<xmax>41</xmax>
			<ymax>117</ymax>
		</bndbox>
	</object>
	<object>
		<name>132</name>
		<pose>Unspecified</pose>
		<truncated>0</truncated>
		<difficult>0</difficult>
		<bndbox>
			<xmin>34</xmin>
			<ymin>15</ymin>
			<xmax>88</xmax>
			<ymax>98</ymax>
		</bndbox>
	</object>
</annotation>
