<annotation>
	<folder>59_radical_labelled_new</folder>
	<filename>oc_02_2_0284_1_6.png</filename>
	<path>D:\Learn Python\position relationgship\59_radical_labelled_new\oc_02_2_0284_1_6.png</path>
	<source>
		<database>Unknown</database>
	</source>
	<size>
		<width>40</width>
		<height>92</height>
		<depth>1</depth>
	</size>
	<segmented>0</segmented>
	<object>
		<name>026</name>
		<pose>Unspecified</pose>
		<truncated>1</truncated>
		<difficult>0</difficult>
		<bndbox>
			<xmin>3</xmin>
			<ymin>3</ymin>
			<xmax>40</xmax>
			<ymax>52</ymax>
		</bndbox>
	</object>
	<object>
		<name>307</name>
		<pose>Unspecified</pose>
		<truncated>0</truncated>
		<difficult>0</difficult>
		<bndbox>
			<xmin>11</xmin>
			<ymin>50</ymin>
			<xmax>30</xmax>
			<ymax>87</ymax>
		</bndbox>
	</object>
</annotation>
