<annotation>
	<folder>02-李宇航</folder>
	<filename>oc_02_1_0203_1_3.png</filename>
	<path>C:\Users\wml\Desktop\02-李宇航\02-李宇航\oc_02_1_0203_1_3.png</path>
	<source>
		<database>Unknown</database>
	</source>
	<size>
		<width>53</width>
		<height>67</height>
		<depth>1</depth>
	</size>
	<segmented>0</segmented>
	<object>
		<name>379</name>
		<pose>Unspecified</pose>
		<truncated>1</truncated>
		<difficult>0</difficult>
		<bndbox>
			<xmin>3</xmin>
			<ymin>1</ymin>
			<xmax>49</xmax>
			<ymax>33</ymax>
		</bndbox>
	</object>
	<object>
		<name>134</name>
		<pose>Unspecified</pose>
		<truncated>0</truncated>
		<difficult>0</difficult>
		<bndbox>
			<xmin>13</xmin>
			<ymin>34</ymin>
			<xmax>44</xmax>
			<ymax>61</ymax>
		</bndbox>
	</object>
</annotation>
