<annotation>
	<folder>59_radical_labelled_new</folder>
	<filename>oc_02_1_0035_3_3.png</filename>
	<path>D:\Learn Python\position relationgship\59_radical_labelled_new\oc_02_1_0035_3_3.png</path>
	<source>
		<database>Unknown</database>
	</source>
	<size>
		<width>58</width>
		<height>71</height>
		<depth>1</depth>
	</size>
	<segmented>0</segmented>
	<object>
		<name>030</name>
		<pose>Unspecified</pose>
		<truncated>1</truncated>
		<difficult>0</difficult>
		<bndbox>
			<xmin>4</xmin>
			<ymin>1</ymin>
			<xmax>54</xmax>
			<ymax>64</ymax>
		</bndbox>
	</object>
	<object>
		<name>134</name>
		<pose>Unspecified</pose>
		<truncated>0</truncated>
		<difficult>0</difficult>
		<bndbox>
			<xmin>11</xmin>
			<ymin>35</ymin>
			<xmax>30</xmax>
			<ymax>49</ymax>
		</bndbox>
	</object>
</annotation>
