<annotation>
	<folder>01-李沿增</folder>
	<filename>oc_01_2_0079_1_4.png</filename>
	<path>D:\古文字\古文字\01-李沿增\oc_01_2_0079_1_4.png</path>
	<source>
		<database>Unknown</database>
	</source>
	<size>
		<width>100</width>
		<height>125</height>
		<depth>1</depth>
	</size>
	<segmented>0</segmented>
	<object>
		<name>389</name>
		<pose>Unspecified</pose>
		<truncated>0</truncated>
		<difficult>0</difficult>
		<bndbox>
			<xmin>29</xmin>
			<ymin>74</ymin>
			<xmax>98</xmax>
			<ymax>123</ymax>
		</bndbox>
	</object>
</annotation>
