<annotation>
	<folder>choose_oracle_images</folder>
	<filename>oc_02_1_0127_1_1.png</filename>
	<path>D:\Learn Python\position relationgship\choose_oracle_images\oc_02_1_0127_1_1.png</path>
	<source>
		<database>Unknown</database>
	</source>
	<size>
		<width>83</width>
		<height>124</height>
		<depth>1</depth>
	</size>
	<segmented>0</segmented>
	<object>
		<name>307</name>
		<pose>Unspecified</pose>
		<truncated>0</truncated>
		<difficult>0</difficult>
		<bndbox>
			<xmin>8</xmin>
			<ymin>22</ymin>
			<xmax>50</xmax>
			<ymax>100</ymax>
		</bndbox>
	</object>
	<object>
		<name>247</name>
		<pose>Unspecified</pose>
		<truncated>0</truncated>
		<difficult>0</difficult>
		<bndbox>
			<xmin>55</xmin>
			<ymin>7</ymin>
			<xmax>80</xmax>
			<ymax>111</ymax>
		</bndbox>
	</object>
</annotation>
