<annotation>
	<folder>01-李沿增</folder>
	<filename>oc_02_1_0111_1_4.png</filename>
	<path>D:\古文字\古文字\01-李沿增\oc_02_1_0111_1_4.png</path>
	<source>
		<database>Unknown</database>
	</source>
	<size>
		<width>86</width>
		<height>118</height>
		<depth>1</depth>
	</size>
	<segmented>0</segmented>
	<object>
		<name>134</name>
		<pose>Unspecified</pose>
		<truncated>0</truncated>
		<difficult>0</difficult>
		<bndbox>
			<xmin>23</xmin>
			<ymin>14</ymin>
			<xmax>63</xmax>
			<ymax>54</ymax>
		</bndbox>
	</object>
	<object>
		<name>134</name>
		<pose>Unspecified</pose>
		<truncated>0</truncated>
		<difficult>0</difficult>
		<bndbox>
			<xmin>7</xmin>
			<ymin>67</ymin>
			<xmax>44</xmax>
			<ymax>108</ymax>
		</bndbox>
	</object>
	<object>
		<name>134</name>
		<pose>Unspecified</pose>
		<truncated>0</truncated>
		<difficult>0</difficult>
		<bndbox>
			<xmin>53</xmin>
			<ymin>57</ymin>
			<xmax>84</xmax>
			<ymax>94</ymax>
		</bndbox>
	</object>
</annotation>
