<annotation>
	<folder>59_radical_labelled_new</folder>
	<filename>oc_02_1_0143_1_3.jpg</filename>
	<path>D:\Learn Python\position relationgship\59_radical_labelled_new\oc_02_1_0143_1_3.jpg</path>
	<source>
		<database>Unknown</database>
	</source>
	<size>
		<width>66</width>
		<height>212</height>
		<depth>1</depth>
	</size>
	<segmented>0</segmented>
	<object>
		<name>404</name>
		<pose>Unspecified</pose>
		<truncated>0</truncated>
		<difficult>0</difficult>
		<bndbox>
			<xmin>10</xmin>
			<ymin>83</ymin>
			<xmax>53</xmax>
			<ymax>208</ymax>
		</bndbox>
	</object>
	<object>
		<name>307</name>
		<pose>Unspecified</pose>
		<truncated>0</truncated>
		<difficult>0</difficult>
		<bndbox>
			<xmin>17</xmin>
			<ymin>14</ymin>
			<xmax>56</xmax>
			<ymax>76</ymax>
		</bndbox>
	</object>
</annotation>
