<annotation>
	<folder>02-李宇航</folder>
	<filename>oc_02_2_0271_1_4.png</filename>
	<path>C:\Users\wml\Desktop\02-李宇航\02-李宇航\oc_02_2_0271_1_4.png</path>
	<source>
		<database>Unknown</database>
	</source>
	<size>
		<width>82</width>
		<height>124</height>
		<depth>1</depth>
	</size>
	<segmented>0</segmented>
	<object>
		<name>307</name>
		<pose>Unspecified</pose>
		<truncated>0</truncated>
		<difficult>0</difficult>
		<bndbox>
			<xmin>9</xmin>
			<ymin>8</ymin>
			<xmax>39</xmax>
			<ymax>47</ymax>
		</bndbox>
	</object>
	<object>
		<name>307</name>
		<pose>Unspecified</pose>
		<truncated>0</truncated>
		<difficult>0</difficult>
		<bndbox>
			<xmin>44</xmin>
			<ymin>5</ymin>
			<xmax>74</xmax>
			<ymax>47</ymax>
		</bndbox>
	</object>
	<object>
		<name>123</name>
		<pose>Unspecified</pose>
		<truncated>0</truncated>
		<difficult>0</difficult>
		<bndbox>
			<xmin>30</xmin>
			<ymin>45</ymin>
			<xmax>60</xmax>
			<ymax>115</ymax>
		</bndbox>
	</object>
</annotation>
