<annotation>
	<folder>03-吴磊</folder>
	<filename>oc_03_1_0401_1_12.png</filename>
	<path>D:\xdd\BaiduNetdiskDownload\03-吴磊\oc_03_1_0401_1_12.png</path>
	<source>
		<database>Unknown</database>
	</source>
	<size>
		<width>75</width>
		<height>131</height>
		<depth>1</depth>
	</size>
	<segmented>0</segmented>
	<object>
		<name>062</name>
		<pose>Unspecified</pose>
		<truncated>0</truncated>
		<difficult>0</difficult>
		<bndbox>
			<xmin>7</xmin>
			<ymin>4</ymin>
			<xmax>30</xmax>
			<ymax>92</ymax>
		</bndbox>
	</object>
	<object>
		<name>269</name>
		<pose>Unspecified</pose>
		<truncated>0</truncated>
		<difficult>0</difficult>
		<bndbox>
			<xmin>33</xmin>
			<ymin>7</ymin>
			<xmax>71</xmax>
			<ymax>123</ymax>
		</bndbox>
	</object>
</annotation>
