<annotation>
	<folder>02-李宇航</folder>
	<filename>oc_02_1_0180_1_3.png</filename>
	<path>C:\Users\wml\Desktop\02-李宇航\02-李宇航\oc_02_1_0180_1_3.png</path>
	<source>
		<database>Unknown</database>
	</source>
	<size>
		<width>73</width>
		<height>125</height>
		<depth>1</depth>
	</size>
	<segmented>0</segmented>
	<object>
		<name>461</name>
		<pose>Unspecified</pose>
		<truncated>0</truncated>
		<difficult>0</difficult>
		<bndbox>
			<xmin>11</xmin>
			<ymin>10</ymin>
			<xmax>69</xmax>
			<ymax>80</ymax>
		</bndbox>
	</object>
	<object>
		<name>307</name>
		<pose>Unspecified</pose>
		<truncated>0</truncated>
		<difficult>0</difficult>
		<bndbox>
			<xmin>11</xmin>
			<ymin>65</ymin>
			<xmax>63</xmax>
			<ymax>115</ymax>
		</bndbox>
	</object>
</annotation>
