<annotation>
	<folder>01-李沿增</folder>
	<filename>oc_02_1_0139_1_2.png</filename>
	<path>D:\古文字\古文字\01-李沿增\oc_02_1_0139_1_2.png</path>
	<source>
		<database>Unknown</database>
	</source>
	<size>
		<width>71</width>
		<height>115</height>
		<depth>1</depth>
	</size>
	<segmented>0</segmented>
	<object>
		<name>252</name>
		<pose>Unspecified</pose>
		<truncated>1</truncated>
		<difficult>0</difficult>
		<bndbox>
			<xmin>34</xmin>
			<ymin>8</ymin>
			<xmax>71</xmax>
			<ymax>101</ymax>
		</bndbox>
	</object>
	<object>
		<name>134</name>
		<pose>Unspecified</pose>
		<truncated>0</truncated>
		<difficult>0</difficult>
		<bndbox>
			<xmin>3</xmin>
			<ymin>28</ymin>
			<xmax>37</xmax>
			<ymax>60</ymax>
		</bndbox>
	</object>
</annotation>
