<annotation>
	<folder>02-李宇航</folder>
	<filename>oc_02_1_0222_1_1.png</filename>
	<path>C:\Users\wml\Desktop\02-李宇航\02-李宇航\oc_02_1_0222_1_1.png</path>
	<source>
		<database>Unknown</database>
	</source>
	<size>
		<width>49</width>
		<height>67</height>
		<depth>1</depth>
	</size>
	<segmented>0</segmented>
	<object>
		<name>277</name>
		<pose>Unspecified</pose>
		<truncated>0</truncated>
		<difficult>0</difficult>
		<bndbox>
			<xmin>8</xmin>
			<ymin>4</ymin>
			<xmax>48</xmax>
			<ymax>50</ymax>
		</bndbox>
	</object>
	<object>
		<name>307</name>
		<pose>Unspecified</pose>
		<truncated>1</truncated>
		<difficult>0</difficult>
		<bndbox>
			<xmin>1</xmin>
			<ymin>27</ymin>
			<xmax>32</xmax>
			<ymax>64</ymax>
		</bndbox>
	</object>
</annotation>
