<annotation>
	<folder>02-李宇航</folder>
	<filename>oc_02_1_0208_1_1.png</filename>
	<path>C:\Users\wml\Desktop\02-李宇航\02-李宇航\oc_02_1_0208_1_1.png</path>
	<source>
		<database>Unknown</database>
	</source>
	<size>
		<width>98</width>
		<height>114</height>
		<depth>1</depth>
	</size>
	<segmented>0</segmented>
	<object>
		<name>247</name>
		<pose>Unspecified</pose>
		<truncated>0</truncated>
		<difficult>0</difficult>
		<bndbox>
			<xmin>59</xmin>
			<ymin>27</ymin>
			<xmax>93</xmax>
			<ymax>108</ymax>
		</bndbox>
	</object>
	<object>
		<name>307</name>
		<pose>Unspecified</pose>
		<truncated>0</truncated>
		<difficult>0</difficult>
		<bndbox>
			<xmin>8</xmin>
			<ymin>11</ymin>
			<xmax>58</xmax>
			<ymax>110</ymax>
		</bndbox>
	</object>
</annotation>
