<annotation>
	<folder>choose_oracle_images</folder>
	<filename>oc_02_1_0225_1_4.png</filename>
	<path>D:\Learn Python\position relationgship\choose_oracle_images\oc_02_1_0225_1_4.png</path>
	<source>
		<database>Unknown</database>
	</source>
	<size>
		<width>47</width>
		<height>78</height>
		<depth>1</depth>
	</size>
	<segmented>0</segmented>
	<object>
		<name>189</name>
		<pose>Unspecified</pose>
		<truncated>0</truncated>
		<difficult>0</difficult>
		<bndbox>
			<xmin>5</xmin>
			<ymin>2</ymin>
			<xmax>45</xmax>
			<ymax>72</ymax>
		</bndbox>
	</object>
	<object>
		<name>307</name>
		<pose>Unspecified</pose>
		<truncated>0</truncated>
		<difficult>0</difficult>
		<bndbox>
			<xmin>17</xmin>
			<ymin>32</ymin>
			<xmax>33</xmax>
			<ymax>59</ymax>
		</bndbox>
	</object>
</annotation>
