<annotation>
	<folder>choose_oracle_images</folder>
	<filename>oc_02_1_0135_2_3.png</filename>
	<path>D:\Learn Python\position relationgship\choose_oracle_images\oc_02_1_0135_2_3.png</path>
	<source>
		<database>Unknown</database>
	</source>
	<size>
		<width>125</width>
		<height>86</height>
		<depth>1</depth>
	</size>
	<segmented>0</segmented>
	<object>
		<name>247</name>
		<pose>Unspecified</pose>
		<truncated>0</truncated>
		<difficult>0</difficult>
		<bndbox>
			<xmin>89</xmin>
			<ymin>7</ymin>
			<xmax>122</xmax>
			<ymax>82</ymax>
		</bndbox>
	</object>
	<object>
		<name>468</name>
		<pose>Unspecified</pose>
		<truncated>0</truncated>
		<difficult>0</difficult>
		<bndbox>
			<xmin>40</xmin>
			<ymin>7</ymin>
			<xmax>84</xmax>
			<ymax>56</ymax>
		</bndbox>
	</object>
	<object>
		<name>132</name>
		<pose>Unspecified</pose>
		<truncated>0</truncated>
		<difficult>0</difficult>
		<bndbox>
			<xmin>6</xmin>
			<ymin>8</ymin>
			<xmax>40</xmax>
			<ymax>53</ymax>
		</bndbox>
	</object>
</annotation>
