<annotation>
	<folder>01-李沿增</folder>
	<filename>oc_02_1_0111_1_5.png</filename>
	<path>D:\古文字\古文字\01-李沿增\oc_02_1_0111_1_5.png</path>
	<source>
		<database>Unknown</database>
	</source>
	<size>
		<width>111</width>
		<height>100</height>
		<depth>1</depth>
	</size>
	<segmented>0</segmented>
	<object>
		<name>134</name>
		<pose>Unspecified</pose>
		<truncated>0</truncated>
		<difficult>0</difficult>
		<bndbox>
			<xmin>31</xmin>
			<ymin>11</ymin>
			<xmax>83</xmax>
			<ymax>62</ymax>
		</bndbox>
	</object>
	<object>
		<name>134</name>
		<pose>Unspecified</pose>
		<truncated>0</truncated>
		<difficult>0</difficult>
		<bndbox>
			<xmin>8</xmin>
			<ymin>62</ymin>
			<xmax>46</xmax>
			<ymax>95</ymax>
		</bndbox>
	</object>
	<object>
		<name>134</name>
		<pose>Unspecified</pose>
		<truncated>1</truncated>
		<difficult>0</difficult>
		<bndbox>
			<xmin>68</xmin>
			<ymin>62</ymin>
			<xmax>111</xmax>
			<ymax>94</ymax>
		</bndbox>
	</object>
</annotation>
