<annotation>
	<folder>03-吴磊</folder>
	<filename>oc_03_1_0398_1_1.png</filename>
	<path>D:\xdd\BaiduNetdiskDownload\03-吴磊\oc_03_1_0398_1_1.png</path>
	<source>
		<database>Unknown</database>
	</source>
	<size>
		<width>62</width>
		<height>124</height>
		<depth>1</depth>
	</size>
	<segmented>0</segmented>
	<object>
		<name>252</name>
		<pose>Unspecified</pose>
		<truncated>0</truncated>
		<difficult>0</difficult>
		<bndbox>
			<xmin>13</xmin>
			<ymin>13</ymin>
			<xmax>59</xmax>
			<ymax>119</ymax>
		</bndbox>
	</object>
	<object>
		<name>234</name>
		<pose>Unspecified</pose>
		<truncated>0</truncated>
		<difficult>0</difficult>
		<bndbox>
			<xmin>10</xmin>
			<ymin>58</ymin>
			<xmax>54</xmax>
			<ymax>107</ymax>
		</bndbox>
	</object>
</annotation>
