<annotation>
	<folder>02-李宇航</folder>
	<filename>oc_02_1_0177_3_1.png</filename>
	<path>C:\Users\wml\Desktop\02-李宇航\02-李宇航\oc_02_1_0177_3_1.png</path>
	<source>
		<database>Unknown</database>
	</source>
	<size>
		<width>60</width>
		<height>133</height>
		<depth>1</depth>
	</size>
	<segmented>0</segmented>
	<object>
		<name>164</name>
		<pose>Unspecified</pose>
		<truncated>0</truncated>
		<difficult>0</difficult>
		<bndbox>
			<xmin>21</xmin>
			<ymin>69</ymin>
			<xmax>54</xmax>
			<ymax>126</ymax>
		</bndbox>
	</object>
	<object>
		<name>476</name>
		<pose>Unspecified</pose>
		<truncated>0</truncated>
		<difficult>0</difficult>
		<bndbox>
			<xmin>10</xmin>
			<ymin>5</ymin>
			<xmax>56</xmax>
			<ymax>70</ymax>
		</bndbox>
	</object>
</annotation>
