<annotation>
	<folder>choose_oracle_images</folder>
	<filename>oc_02_1_0127_1_9.png</filename>
	<path>D:\Learn Python\position relationgship\choose_oracle_images\oc_02_1_0127_1_9.png</path>
	<source>
		<database>Unknown</database>
	</source>
	<size>
		<width>96</width>
		<height>109</height>
		<depth>1</depth>
	</size>
	<segmented>0</segmented>
	<object>
		<name>307</name>
		<pose>Unspecified</pose>
		<truncated>0</truncated>
		<difficult>0</difficult>
		<bndbox>
			<xmin>48</xmin>
			<ymin>5</ymin>
			<xmax>95</xmax>
			<ymax>78</ymax>
		</bndbox>
	</object>
	<object>
		<name>247</name>
		<pose>Unspecified</pose>
		<truncated>0</truncated>
		<difficult>0</difficult>
		<bndbox>
			<xmin>5</xmin>
			<ymin>9</ymin>
			<xmax>45</xmax>
			<ymax>107</ymax>
		</bndbox>
	</object>
</annotation>
