<annotation>
	<folder>01-李沿增</folder>
	<filename>oc_01_1_0056_2_1.png</filename>
	<path>D:\古文字\古文字\01-李沿增\oc_01_1_0056_2_1.png</path>
	<source>
		<database>Unknown</database>
	</source>
	<size>
		<width>81</width>
		<height>134</height>
		<depth>1</depth>
	</size>
	<segmented>0</segmented>
	<object>
		<name>287</name>
		<pose>Unspecified</pose>
		<truncated>0</truncated>
		<difficult>0</difficult>
		<bndbox>
			<xmin>8</xmin>
			<ymin>56</ymin>
			<xmax>51</xmax>
			<ymax>97</ymax>
		</bndbox>
	</object>
	<object>
		<name>104</name>
		<pose>Unspecified</pose>
		<truncated>0</truncated>
		<difficult>0</difficult>
		<bndbox>
			<xmin>55</xmin>
			<ymin>40</ymin>
			<xmax>75</xmax>
			<ymax>120</ymax>
		</bndbox>
	</object>
</annotation>
