<annotation>
	<folder>01-李沿增</folder>
	<filename>oc_01_1_0053_1_1.png</filename>
	<path>D:\古文字\古文字\01-李沿增\oc_01_1_0053_1_1.png</path>
	<source>
		<database>Unknown</database>
	</source>
	<size>
		<width>85</width>
		<height>122</height>
		<depth>1</depth>
	</size>
	<segmented>0</segmented>
	<object>
		<name>334</name>
		<pose>Unspecified</pose>
		<truncated>0</truncated>
		<difficult>0</difficult>
		<bndbox>
			<xmin>7</xmin>
			<ymin>9</ymin>
			<xmax>83</xmax>
			<ymax>111</ymax>
		</bndbox>
	</object>
</annotation>
