<annotation>
	<folder>59_radical_labelled_new</folder>
	<filename>oc_02_1_0115_1_2.jpg</filename>
	<path>D:\Learn Python\position relationgship\59_radical_labelled_new\oc_02_1_0115_1_2.jpg</path>
	<source>
		<database>Unknown</database>
	</source>
	<size>
		<width>86</width>
		<height>124</height>
		<depth>1</depth>
	</size>
	<segmented>0</segmented>
	<object>
		<name>134</name>
		<pose>Unspecified</pose>
		<truncated>0</truncated>
		<difficult>0</difficult>
		<bndbox>
			<xmin>7</xmin>
			<ymin>33</ymin>
			<xmax>36</xmax>
			<ymax>71</ymax>
		</bndbox>
	</object>
	<object>
		<name>484</name>
		<pose>Unspecified</pose>
		<truncated>0</truncated>
		<difficult>0</difficult>
		<bndbox>
			<xmin>26</xmin>
			<ymin>8</ymin>
			<xmax>78</xmax>
			<ymax>118</ymax>
		</bndbox>
	</object>
</annotation>
