<annotation>
	<folder>59_radical_labelled_new</folder>
	<filename>oc_01_1_0050_6_2.png</filename>
	<path>D:\Learn Python\position relationgship\59_radical_labelled_new\oc_01_1_0050_6_2.png</path>
	<source>
		<database>Unknown</database>
	</source>
	<size>
		<width>98</width>
		<height>128</height>
		<depth>1</depth>
	</size>
	<segmented>0</segmented>
	<object>
		<name>287</name>
		<pose>Unspecified</pose>
		<truncated>0</truncated>
		<difficult>0</difficult>
		<bndbox>
			<xmin>8</xmin>
			<ymin>83</ymin>
			<xmax>27</xmax>
			<ymax>122</ymax>
		</bndbox>
	</object>
	<object>
		<name>277</name>
		<pose>Unspecified</pose>
		<truncated>0</truncated>
		<difficult>0</difficult>
		<bndbox>
			<xmin>40</xmin>
			<ymin>12</ymin>
			<xmax>74</xmax>
			<ymax>39</ymax>
		</bndbox>
	</object>
	<object>
		<name>287</name>
		<pose>Unspecified</pose>
		<truncated>0</truncated>
		<difficult>0</difficult>
		<bndbox>
			<xmin>72</xmin>
			<ymin>12</ymin>
			<xmax>91</xmax>
			<ymax>67</ymax>
		</bndbox>
	</object>
	<object>
		<name>287</name>
		<pose>Unspecified</pose>
		<truncated>0</truncated>
		<difficult>0</difficult>
		<bndbox>
			<xmin>66</xmin>
			<ymin>86</ymin>
			<xmax>83</xmax>
			<ymax>116</ymax>
		</bndbox>
	</object>
	<object>
		<name>484</name>
		<pose>Unspecified</pose>
		<truncated>0</truncated>
		<difficult>0</difficult>
		<bndbox>
			<xmin>36</xmin>
			<ymin>46</ymin>
			<xmax>70</xmax>
			<ymax>106</ymax>
		</bndbox>
	</object>
</annotation>
