<annotation>
	<folder>02-李宇航</folder>
	<filename>oc_02_1_0195_2_1.png</filename>
	<path>C:\Users\wml\Desktop\02-李宇航\02-李宇航\oc_02_1_0195_2_1.png</path>
	<source>
		<database>Unknown</database>
	</source>
	<size>
		<width>67</width>
		<height>126</height>
		<depth>1</depth>
	</size>
	<segmented>0</segmented>
	<object>
		<name>164</name>
		<pose>Unspecified</pose>
		<truncated>0</truncated>
		<difficult>0</difficult>
		<bndbox>
			<xmin>37</xmin>
			<ymin>3</ymin>
			<xmax>60</xmax>
			<ymax>46</ymax>
		</bndbox>
	</object>
	<object>
		<name>247</name>
		<pose>Unspecified</pose>
		<truncated>0</truncated>
		<difficult>0</difficult>
		<bndbox>
			<xmin>5</xmin>
			<ymin>9</ymin>
			<xmax>30</xmax>
			<ymax>118</ymax>
		</bndbox>
	</object>
	<object>
		<name>461</name>
		<pose>Unspecified</pose>
		<truncated>0</truncated>
		<difficult>0</difficult>
		<bndbox>
			<xmin>31</xmin>
			<ymin>50</ymin>
			<xmax>63</xmax>
			<ymax>123</ymax>
		</bndbox>
	</object>
</annotation>
