<annotation>
	<folder>02-李宇航</folder>
	<filename>oc_03_1_0372_1_1.png</filename>
	<path>C:\Users\Administrator\Desktop\02-李宇航\02-李宇航\oc_03_1_0372_1_1.png</path>
	<source>
		<database>Unknown</database>
	</source>
	<size>
		<width>93</width>
		<height>126</height>
		<depth>1</depth>
	</size>
	<segmented>0</segmented>
	<object>
		<name>132</name>
		<pose>Unspecified</pose>
		<truncated>0</truncated>
		<difficult>0</difficult>
		<bndbox>
			<xmin>8</xmin>
			<ymin>10</ymin>
			<xmax>62</xmax>
			<ymax>115</ymax>
		</bndbox>
	</object>
	<object>
		<name>132</name>
		<pose>Unspecified</pose>
		<truncated>0</truncated>
		<difficult>0</difficult>
		<bndbox>
			<xmin>46</xmin>
			<ymin>17</ymin>
			<xmax>85</xmax>
			<ymax>105</ymax>
		</bndbox>
	</object>
</annotation>
