<annotation>
	<folder>02-李宇航</folder>
	<filename>oc_03_1_0371_1_8.png</filename>
	<path>C:\Users\Administrator\Desktop\02-李宇航\02-李宇航\oc_03_1_0371_1_8.png</path>
	<source>
		<database>Unknown</database>
	</source>
	<size>
		<width>58</width>
		<height>133</height>
		<depth>1</depth>
	</size>
	<segmented>0</segmented>
	<object>
		<name>062</name>
		<pose>Unspecified</pose>
		<truncated>0</truncated>
		<difficult>0</difficult>
		<bndbox>
			<xmin>28</xmin>
			<ymin>71</ymin>
			<xmax>53</xmax>
			<ymax>130</ymax>
		</bndbox>
	</object>
	<object>
		<name>132</name>
		<pose>Unspecified</pose>
		<truncated>0</truncated>
		<difficult>0</difficult>
		<bndbox>
			<xmin>10</xmin>
			<ymin>5</ymin>
			<xmax>39</xmax>
			<ymax>129</ymax>
		</bndbox>
	</object>
</annotation>
