<annotation>
	<folder>03-吴磊</folder>
	<filename>oc_03_1_0385_1_2.png</filename>
	<path>D:\xdd\BaiduNetdiskDownload\03-吴磊\oc_03_1_0385_1_2.png</path>
	<source>
		<database>Unknown</database>
	</source>
	<size>
		<width>73</width>
		<height>124</height>
		<depth>1</depth>
	</size>
	<segmented>0</segmented>
	<object>
		<name>269</name>
		<pose>Unspecified</pose>
		<truncated>0</truncated>
		<difficult>0</difficult>
		<bndbox>
			<xmin>28</xmin>
			<ymin>31</ymin>
			<xmax>52</xmax>
			<ymax>110</ymax>
		</bndbox>
	</object>
	<object>
		<name>189</name>
		<pose>Unspecified</pose>
		<truncated>0</truncated>
		<difficult>0</difficult>
		<bndbox>
			<xmin>7</xmin>
			<ymin>4</ymin>
			<xmax>69</xmax>
			<ymax>92</ymax>
		</bndbox>
	</object>
</annotation>
