<annotation>
	<folder>choose_oracle_images</folder>
	<filename>oc_01_1_0045_1_2.png</filename>
	<path>D:\Learn Python\position relationgship\choose_oracle_images\oc_01_1_0045_1_2.png</path>
	<source>
		<database>Unknown</database>
	</source>
	<size>
		<width>72</width>
		<height>133</height>
		<depth>1</depth>
	</size>
	<segmented>0</segmented>
	<object>
		<name>132</name>
		<pose>Unspecified</pose>
		<truncated>0</truncated>
		<difficult>0</difficult>
		<bndbox>
			<xmin>8</xmin>
			<ymin>38</ymin>
			<xmax>63</xmax>
			<ymax>131</ymax>
		</bndbox>
	</object>
	<object>
		<name>206</name>
		<pose>Unspecified</pose>
		<truncated>0</truncated>
		<difficult>0</difficult>
		<bndbox>
			<xmin>25</xmin>
			<ymin>23</ymin>
			<xmax>45</xmax>
			<ymax>44</ymax>
		</bndbox>
	</object>
	<object>
		<name>206</name>
		<pose>Unspecified</pose>
		<truncated>0</truncated>
		<difficult>0</difficult>
		<bndbox>
			<xmin>12</xmin>
			<ymin>51</ymin>
			<xmax>31</xmax>
			<ymax>74</ymax>
		</bndbox>
	</object>
</annotation>
