<annotation>
	<folder>03-吴磊</folder>
	<filename>oc_03_1_0401_1_1.png</filename>
	<path>D:\xdd\BaiduNetdiskDownload\03-吴磊\oc_03_1_0401_1_1.png</path>
	<source>
		<database>Unknown</database>
	</source>
	<size>
		<width>57</width>
		<height>125</height>
		<depth>1</depth>
	</size>
	<segmented>0</segmented>
	<object>
		<name>269</name>
		<pose>Unspecified</pose>
		<truncated>0</truncated>
		<difficult>0</difficult>
		<bndbox>
			<xmin>24</xmin>
			<ymin>10</ymin>
			<xmax>54</xmax>
			<ymax>119</ymax>
		</bndbox>
	</object>
	<object>
		<name>062</name>
		<pose>Unspecified</pose>
		<truncated>0</truncated>
		<difficult>0</difficult>
		<bndbox>
			<xmin>2</xmin>
			<ymin>14</ymin>
			<xmax>24</xmax>
			<ymax>98</ymax>
		</bndbox>
	</object>
</annotation>
