<annotation>
	<folder>choose_oracle_images</folder>
	<filename>oc_02_1_0165_1_1.png</filename>
	<path>D:\Learn Python\position relationgship\choose_oracle_images\oc_02_1_0165_1_1.png</path>
	<source>
		<database>Unknown</database>
	</source>
	<size>
		<width>37</width>
		<height>72</height>
		<depth>1</depth>
	</size>
	<segmented>0</segmented>
	<object>
		<name>387</name>
		<pose>Unspecified</pose>
		<truncated>1</truncated>
		<difficult>0</difficult>
		<bndbox>
			<xmin>11</xmin>
			<ymin>1</ymin>
			<xmax>32</xmax>
			<ymax>69</ymax>
		</bndbox>
	</object>
	<object>
		<name>132</name>
		<pose>Unspecified</pose>
		<truncated>0</truncated>
		<difficult>0</difficult>
		<bndbox>
			<xmin>3</xmin>
			<ymin>15</ymin>
			<xmax>16</xmax>
			<ymax>41</ymax>
		</bndbox>
	</object>
</annotation>
