<annotation>
	<folder>choose_oracle_images</folder>
	<filename>oc_02_1_0088_1_6.png</filename>
	<path>D:\Learn Python\position relationgship\choose_oracle_images\oc_02_1_0088_1_6.png</path>
	<source>
		<database>Unknown</database>
	</source>
	<size>
		<width>69</width>
		<height>125</height>
		<depth>1</depth>
	</size>
	<segmented>0</segmented>
	<object>
		<name>247</name>
		<pose>Unspecified</pose>
		<truncated>0</truncated>
		<difficult>0</difficult>
		<bndbox>
			<xmin>6</xmin>
			<ymin>25</ymin>
			<xmax>25</xmax>
			<ymax>110</ymax>
		</bndbox>
	</object>
	<object>
		<name>063</name>
		<pose>Unspecified</pose>
		<truncated>0</truncated>
		<difficult>0</difficult>
		<bndbox>
			<xmin>29</xmin>
			<ymin>7</ymin>
			<xmax>63</xmax>
			<ymax>42</ymax>
		</bndbox>
	</object>
	<object>
		<name>134</name>
		<pose>Unspecified</pose>
		<truncated>0</truncated>
		<difficult>0</difficult>
		<bndbox>
			<xmin>35</xmin>
			<ymin>54</ymin>
			<xmax>52</xmax>
			<ymax>74</ymax>
		</bndbox>
	</object>
	<object>
		<name>307</name>
		<pose>Unspecified</pose>
		<truncated>0</truncated>
		<difficult>0</difficult>
		<bndbox>
			<xmin>31</xmin>
			<ymin>85</ymin>
			<xmax>53</xmax>
			<ymax>122</ymax>
		</bndbox>
	</object>
</annotation>
