<annotation>
	<folder>choose_oracle_images</folder>
	<filename>oc_02_1_0219_1_1.png</filename>
	<path>D:\Learn Python\position relationgship\choose_oracle_images\oc_02_1_0219_1_1.png</path>
	<source>
		<database>Unknown</database>
	</source>
	<size>
		<width>63</width>
		<height>130</height>
		<depth>1</depth>
	</size>
	<segmented>0</segmented>
	<object>
		<name>247</name>
		<pose>Unspecified</pose>
		<truncated>0</truncated>
		<difficult>0</difficult>
		<bndbox>
			<xmin>6</xmin>
			<ymin>12</ymin>
			<xmax>26</xmax>
			<ymax>119</ymax>
		</bndbox>
	</object>
	<object>
		<name>307</name>
		<pose>Unspecified</pose>
		<truncated>0</truncated>
		<difficult>0</difficult>
		<bndbox>
			<xmin>35</xmin>
			<ymin>13</ymin>
			<xmax>61</xmax>
			<ymax>58</ymax>
		</bndbox>
	</object>
	<object>
		<name>307</name>
		<pose>Unspecified</pose>
		<truncated>0</truncated>
		<difficult>0</difficult>
		<bndbox>
			<xmin>30</xmin>
			<ymin>65</ymin>
			<xmax>58</xmax>
			<ymax>117</ymax>
		</bndbox>
	</object>
</annotation>
