<annotation>
	<folder>02-李宇航</folder>
	<filename>oc_02_2_0277_1_4.png</filename>
	<path>C:\Users\Administrator\Desktop\02-李宇航\02-李宇航\oc_02_2_0277_1_4.png</path>
	<source>
		<database>Unknown</database>
	</source>
	<size>
		<width>48</width>
		<height>125</height>
		<depth>1</depth>
	</size>
	<segmented>0</segmented>
	<object>
		<name>537</name>
		<pose>Unspecified</pose>
		<truncated>0</truncated>
		<difficult>0</difficult>
		<bndbox>
			<xmin>13</xmin>
			<ymin>5</ymin>
			<xmax>33</xmax>
			<ymax>73</ymax>
		</bndbox>
	</object>
	<object>
		<name>307</name>
		<pose>Unspecified</pose>
		<truncated>0</truncated>
		<difficult>0</difficult>
		<bndbox>
			<xmin>8</xmin>
			<ymin>65</ymin>
			<xmax>44</xmax>
			<ymax>121</ymax>
		</bndbox>
	</object>
</annotation>
