<annotation>
	<folder>02-李宇航</folder>
	<filename>oc_02_2_0238_1_4.png</filename>
	<path>C:\Users\wml\Desktop\02-李宇航\02-李宇航\oc_02_2_0238_1_4.png</path>
	<source>
		<database>Unknown</database>
	</source>
	<size>
		<width>36</width>
		<height>79</height>
		<depth>1</depth>
	</size>
	<segmented>0</segmented>
	<object>
		<name>111</name>
		<pose>Unspecified</pose>
		<truncated>0</truncated>
		<difficult>0</difficult>
		<bndbox>
			<xmin>6</xmin>
			<ymin>8</ymin>
			<xmax>35</xmax>
			<ymax>51</ymax>
		</bndbox>
	</object>
	<object>
		<name>307</name>
		<pose>Unspecified</pose>
		<truncated>0</truncated>
		<difficult>0</difficult>
		<bndbox>
			<xmin>8</xmin>
			<ymin>49</ymin>
			<xmax>27</xmax>
			<ymax>77</ymax>
		</bndbox>
	</object>
</annotation>
