<annotation>
	<folder>02-李宇航</folder>
	<filename>oc_02_1_0206_1_1.png</filename>
	<path>C:\Users\wml\Desktop\02-李宇航\02-李宇航\oc_02_1_0206_1_1.png</path>
	<source>
		<database>Unknown</database>
	</source>
	<size>
		<width>49</width>
		<height>67</height>
		<depth>1</depth>
	</size>
	<segmented>0</segmented>
	<object>
		<name>287</name>
		<pose>Unspecified</pose>
		<truncated>1</truncated>
		<difficult>0</difficult>
		<bndbox>
			<xmin>5</xmin>
			<ymin>1</ymin>
			<xmax>22</xmax>
			<ymax>32</ymax>
		</bndbox>
	</object>
	<object>
		<name>287</name>
		<pose>Unspecified</pose>
		<truncated>1</truncated>
		<difficult>0</difficult>
		<bndbox>
			<xmin>25</xmin>
			<ymin>1</ymin>
			<xmax>42</xmax>
			<ymax>33</ymax>
		</bndbox>
	</object>
	<object>
		<name>134</name>
		<pose>Unspecified</pose>
		<truncated>1</truncated>
		<difficult>0</difficult>
		<bndbox>
			<xmin>1</xmin>
			<ymin>29</ymin>
			<xmax>43</xmax>
			<ymax>65</ymax>
		</bndbox>
	</object>
</annotation>
