<annotation>
	<folder>59_radical_labelled_new</folder>
	<filename>oc_02_1_0147_1_5.jpg</filename>
	<path>D:\Learn Python\position relationgship\59_radical_labelled_new\oc_02_1_0147_1_5.jpg</path>
	<source>
		<database>Unknown</database>
	</source>
	<size>
		<width>52</width>
		<height>125</height>
		<depth>1</depth>
	</size>
	<segmented>0</segmented>
	<object>
		<name>111</name>
		<pose>Unspecified</pose>
		<truncated>0</truncated>
		<difficult>0</difficult>
		<bndbox>
			<xmin>19</xmin>
			<ymin>7</ymin>
			<xmax>39</xmax>
			<ymax>69</ymax>
		</bndbox>
	</object>
	<object>
		<name>307</name>
		<pose>Unspecified</pose>
		<truncated>0</truncated>
		<difficult>0</difficult>
		<bndbox>
			<xmin>10</xmin>
			<ymin>70</ymin>
			<xmax>45</xmax>
			<ymax>121</ymax>
		</bndbox>
	</object>
</annotation>
