<annotation>
	<folder>01-李沿增</folder>
	<filename>oc_02_1_0148_1_11.png</filename>
	<path>D:\古文字\古文字\01-李沿增\oc_02_1_0148_1_11.png</path>
	<source>
		<database>Unknown</database>
	</source>
	<size>
		<width>67</width>
		<height>124</height>
		<depth>1</depth>
	</size>
	<segmented>0</segmented>
	<object>
		<name>307</name>
		<pose>Unspecified</pose>
		<truncated>0</truncated>
		<difficult>0</difficult>
		<bndbox>
			<xmin>13</xmin>
			<ymin>12</ymin>
			<xmax>54</xmax>
			<ymax>53</ymax>
		</bndbox>
	</object>
	<object>
		<name>307</name>
		<pose>Unspecified</pose>
		<truncated>0</truncated>
		<difficult>0</difficult>
		<bndbox>
			<xmin>14</xmin>
			<ymin>62</ymin>
			<xmax>57</xmax>
			<ymax>112</ymax>
		</bndbox>
	</object>
</annotation>
