<annotation>
	<folder>59_radical_labelled_new</folder>
	<filename>oc_02_1_0148_1_8.jpg</filename>
	<path>D:\Learn Python\position relationgship\59_radical_labelled_new\oc_02_1_0148_1_8.jpg</path>
	<source>
		<database>Unknown</database>
	</source>
	<size>
		<width>47</width>
		<height>131</height>
		<depth>1</depth>
	</size>
	<segmented>0</segmented>
	<object>
		<name>307</name>
		<pose>Unspecified</pose>
		<truncated>0</truncated>
		<difficult>0</difficult>
		<bndbox>
			<xmin>8</xmin>
			<ymin>6</ymin>
			<xmax>41</xmax>
			<ymax>59</ymax>
		</bndbox>
	</object>
	<object>
		<name>307</name>
		<pose>Unspecified</pose>
		<truncated>0</truncated>
		<difficult>0</difficult>
		<bndbox>
			<xmin>10</xmin>
			<ymin>75</ymin>
			<xmax>39</xmax>
			<ymax>124</ymax>
		</bndbox>
	</object>
</annotation>
