<annotation>
	<folder>02-李宇航</folder>
	<filename>oc_02_2_0346_1_1.png</filename>
	<path>C:\Users\Administrator\Desktop\02-李宇航\02-李宇航\oc_02_2_0346_1_1.png</path>
	<source>
		<database>Unknown</database>
	</source>
	<size>
		<width>64</width>
		<height>131</height>
		<depth>1</depth>
	</size>
	<segmented>0</segmented>
	<object>
		<name>164</name>
		<pose>Unspecified</pose>
		<truncated>0</truncated>
		<difficult>0</difficult>
		<bndbox>
			<xmin>3</xmin>
			<ymin>21</ymin>
			<xmax>34</xmax>
			<ymax>79</ymax>
		</bndbox>
	</object>
	<object>
		<name>247</name>
		<pose>Unspecified</pose>
		<truncated>0</truncated>
		<difficult>0</difficult>
		<bndbox>
			<xmin>20</xmin>
			<ymin>13</ymin>
			<xmax>61</xmax>
			<ymax>127</ymax>
		</bndbox>
	</object>
</annotation>
