<annotation>
	<folder>02-李宇航</folder>
	<filename>oc_02_2_0286_1_3.png</filename>
	<path>C:\Users\Administrator\Desktop\02-李宇航\02-李宇航\oc_02_2_0286_1_3.png</path>
	<source>
		<database>Unknown</database>
	</source>
	<size>
		<width>83</width>
		<height>124</height>
		<depth>1</depth>
	</size>
	<segmented>0</segmented>
	<object>
		<name>154</name>
		<pose>Unspecified</pose>
		<truncated>0</truncated>
		<difficult>0</difficult>
		<bndbox>
			<xmin>17</xmin>
			<ymin>14</ymin>
			<xmax>74</xmax>
			<ymax>58</ymax>
		</bndbox>
	</object>
	<object>
		<name>307</name>
		<pose>Unspecified</pose>
		<truncated>0</truncated>
		<difficult>0</difficult>
		<bndbox>
			<xmin>15</xmin>
			<ymin>47</ymin>
			<xmax>74</xmax>
			<ymax>117</ymax>
		</bndbox>
	</object>
</annotation>
