<annotation>
	<folder>02-李宇航</folder>
	<filename>oc_02_1_0160_1_5.png</filename>
	<path>D:\PHD\吉大项目\甲骨文\文字数据集\甲骨文-部件标注\甲骨文部件标注工作安排\古文字\古文字\02-李宇航\02-李宇航\02-李宇航\oc_02_1_0160_1_5.png</path>
	<source>
		<database>Unknown</database>
	</source>
	<size>
		<width>75</width>
		<height>124</height>
		<depth>1</depth>
	</size>
	<segmented>0</segmented>
	<object>
		<name>335</name>
		<pose>Unspecified</pose>
		<truncated>0</truncated>
		<difficult>0</difficult>
		<bndbox>
			<xmin>17</xmin>
			<ymin>71</ymin>
			<xmax>62</xmax>
			<ymax>119</ymax>
		</bndbox>
	</object>
	<object>
		<name>104</name>
		<pose>Unspecified</pose>
		<truncated>0</truncated>
		<difficult>0</difficult>
		<bndbox>
			<xmin>47</xmin>
			<ymin>9</ymin>
			<xmax>70</xmax>
			<ymax>67</ymax>
		</bndbox>
	</object>
	<object>
		<name>407</name>
		<pose>Unspecified</pose>
		<truncated>0</truncated>
		<difficult>0</difficult>
		<bndbox>
			<xmin>4</xmin>
			<ymin>9</ymin>
			<xmax>47</xmax>
			<ymax>64</ymax>
		</bndbox>
	</object>
</annotation>
