<annotation>
	<folder>02-李宇航</folder>
	<filename>oc_02_1_0184_1_4.png</filename>
	<path>C:\Users\wml\Desktop\02-李宇航\02-李宇航\oc_02_1_0184_1_4.png</path>
	<source>
		<database>Unknown</database>
	</source>
	<size>
		<width>73</width>
		<height>124</height>
		<depth>1</depth>
	</size>
	<segmented>0</segmented>
	<object>
		<name>484</name>
		<pose>Unspecified</pose>
		<truncated>0</truncated>
		<difficult>0</difficult>
		<bndbox>
			<xmin>4</xmin>
			<ymin>8</ymin>
			<xmax>72</xmax>
			<ymax>116</ymax>
		</bndbox>
	</object>
	<object>
		<name>307</name>
		<pose>Unspecified</pose>
		<truncated>0</truncated>
		<difficult>0</difficult>
		<bndbox>
			<xmin>7</xmin>
			<ymin>2</ymin>
			<xmax>19</xmax>
			<ymax>31</ymax>
		</bndbox>
	</object>
</annotation>
