<annotation>
	<folder>02-李宇航</folder>
	<filename>oc_02_2_0270_1_1.png</filename>
	<path>C:\Users\wml\Desktop\02-李宇航\02-李宇航\oc_02_2_0270_1_1.png</path>
	<source>
		<database>Unknown</database>
	</source>
	<size>
		<width>70</width>
		<height>49</height>
		<depth>1</depth>
	</size>
	<segmented>0</segmented>
	<object>
		<name>468</name>
		<pose>Unspecified</pose>
		<truncated>0</truncated>
		<difficult>0</difficult>
		<bndbox>
			<xmin>21</xmin>
			<ymin>13</ymin>
			<xmax>42</xmax>
			<ymax>32</ymax>
		</bndbox>
	</object>
	<object>
		<name>287</name>
		<pose>Unspecified</pose>
		<truncated>0</truncated>
		<difficult>0</difficult>
		<bndbox>
			<xmin>11</xmin>
			<ymin>7</ymin>
			<xmax>19</xmax>
			<ymax>26</ymax>
		</bndbox>
	</object>
	<object>
		<name>287</name>
		<pose>Unspecified</pose>
		<truncated>0</truncated>
		<difficult>0</difficult>
		<bndbox>
			<xmin>46</xmin>
			<ymin>10</ymin>
			<xmax>61</xmax>
			<ymax>25</ymax>
		</bndbox>
	</object>
	<object>
		<name>307</name>
		<pose>Unspecified</pose>
		<truncated>0</truncated>
		<difficult>0</difficult>
		<bndbox>
			<xmin>9</xmin>
			<ymin>30</ymin>
			<xmax>28</xmax>
			<ymax>46</ymax>
		</bndbox>
	</object>
</annotation>
