<annotation>
	<folder>02-李宇航</folder>
	<filename>oc_02_2_0277_1_2.png</filename>
	<path>C:\Users\Administrator\Desktop\02-李宇航\02-李宇航\oc_02_2_0277_1_2.png</path>
	<source>
		<database>Unknown</database>
	</source>
	<size>
		<width>40</width>
		<height>124</height>
		<depth>1</depth>
	</size>
	<segmented>0</segmented>
	<object>
		<name>307</name>
		<pose>Unspecified</pose>
		<truncated>0</truncated>
		<difficult>0</difficult>
		<bndbox>
			<xmin>4</xmin>
			<ymin>69</ymin>
			<xmax>29</xmax>
			<ymax>121</ymax>
		</bndbox>
	</object>
	<object>
		<name>537</name>
		<pose>Unspecified</pose>
		<truncated>0</truncated>
		<difficult>0</difficult>
		<bndbox>
			<xmin>10</xmin>
			<ymin>4</ymin>
			<xmax>35</xmax>
			<ymax>68</ymax>
		</bndbox>
	</object>
</annotation>
