<annotation>
	<folder>01-李沿增</folder>
	<filename>oc_02_1_0153_1_4.png</filename>
	<path>D:\古文字\古文字\01-李沿增\oc_02_1_0153_1_4.png</path>
	<source>
		<database>Unknown</database>
	</source>
	<size>
		<width>99</width>
		<height>108</height>
		<depth>1</depth>
	</size>
	<segmented>0</segmented>
	<object>
		<name>335</name>
		<pose>Unspecified</pose>
		<truncated>1</truncated>
		<difficult>0</difficult>
		<bndbox>
			<xmin>43</xmin>
			<ymin>6</ymin>
			<xmax>95</xmax>
			<ymax>108</ymax>
		</bndbox>
	</object>
	<object>
		<name>111</name>
		<pose>Unspecified</pose>
		<truncated>0</truncated>
		<difficult>0</difficult>
		<bndbox>
			<xmin>8</xmin>
			<ymin>8</ymin>
			<xmax>42</xmax>
			<ymax>101</ymax>
		</bndbox>
	</object>
</annotation>
