<annotation>
	<folder>01-李沿增</folder>
	<filename>oc_02_1_0153_2_4.png</filename>
	<path>D:\古文字\古文字\01-李沿增\oc_02_1_0153_2_4.png</path>
	<source>
		<database>Unknown</database>
	</source>
	<size>
		<width>78</width>
		<height>123</height>
		<depth>1</depth>
	</size>
	<segmented>0</segmented>
	<object>
		<name>408</name>
		<pose>Unspecified</pose>
		<truncated>0</truncated>
		<difficult>0</difficult>
		<bndbox>
			<xmin>9</xmin>
			<ymin>2</ymin>
			<xmax>39</xmax>
			<ymax>103</ymax>
		</bndbox>
	</object>
	<object>
		<name>111</name>
		<pose>Unspecified</pose>
		<truncated>0</truncated>
		<difficult>0</difficult>
		<bndbox>
			<xmin>38</xmin>
			<ymin>13</ymin>
			<xmax>68</xmax>
			<ymax>112</ymax>
		</bndbox>
	</object>
</annotation>
