<annotation>
	<folder>02-李宇航</folder>
	<filename>oc_02_2_0322_1_1.png</filename>
	<path>C:\Users\Administrator\Desktop\02-李宇航\02-李宇航\oc_02_2_0322_1_1.png</path>
	<source>
		<database>Unknown</database>
	</source>
	<size>
		<width>66</width>
		<height>115</height>
		<depth>1</depth>
	</size>
	<segmented>0</segmented>
	<object>
		<name>247</name>
		<pose>Unspecified</pose>
		<truncated>0</truncated>
		<difficult>0</difficult>
		<bndbox>
			<xmin>3</xmin>
			<ymin>13</ymin>
			<xmax>23</xmax>
			<ymax>94</ymax>
		</bndbox>
	</object>
	<object>
		<name>186</name>
		<pose>Unspecified</pose>
		<truncated>0</truncated>
		<difficult>0</difficult>
		<bndbox>
			<xmin>23</xmin>
			<ymin>4</ymin>
			<xmax>57</xmax>
			<ymax>52</ymax>
		</bndbox>
	</object>
	<object>
		<name>468</name>
		<pose>Unspecified</pose>
		<truncated>1</truncated>
		<difficult>0</difficult>
		<bndbox>
			<xmin>21</xmin>
			<ymin>45</ymin>
			<xmax>66</xmax>
			<ymax>108</ymax>
		</bndbox>
	</object>
</annotation>
