<annotation>
	<folder>01-李沿增</folder>
	<filename>oc_01_1_0050_3_1.png</filename>
	<path>D:\古文字\古文字\01-李沿增\oc_01_1_0050_3_1.png</path>
	<source>
		<database>Unknown</database>
	</source>
	<size>
		<width>93</width>
		<height>111</height>
		<depth>1</depth>
	</size>
	<segmented>0</segmented>
	<object>
		<name>277</name>
		<pose>Unspecified</pose>
		<truncated>1</truncated>
		<difficult>0</difficult>
		<bndbox>
			<xmin>11</xmin>
			<ymin>68</ymin>
			<xmax>91</xmax>
			<ymax>111</ymax>
		</bndbox>
	</object>
	<object>
		<name>287</name>
		<pose>Unspecified</pose>
		<truncated>0</truncated>
		<difficult>0</difficult>
		<bndbox>
			<xmin>9</xmin>
			<ymin>8</ymin>
			<xmax>50</xmax>
			<ymax>64</ymax>
		</bndbox>
	</object>
	<object>
		<name>287</name>
		<pose>Unspecified</pose>
		<truncated>0</truncated>
		<difficult>0</difficult>
		<bndbox>
			<xmin>54</xmin>
			<ymin>13</ymin>
			<xmax>84</xmax>
			<ymax>64</ymax>
		</bndbox>
	</object>
</annotation>
