<annotation>
	<folder>02-李宇航</folder>
	<filename>oc_03_1_0371_1_3.png</filename>
	<path>C:\Users\Administrator\Desktop\02-李宇航\02-李宇航\oc_03_1_0371_1_3.png</path>
	<source>
		<database>Unknown</database>
	</source>
	<size>
		<width>59</width>
		<height>123</height>
		<depth>1</depth>
	</size>
	<segmented>0</segmented>
	<object>
		<name>062</name>
		<pose>Unspecified</pose>
		<truncated>0</truncated>
		<difficult>0</difficult>
		<bndbox>
			<xmin>8</xmin>
			<ymin>4</ymin>
			<xmax>32</xmax>
			<ymax>60</ymax>
		</bndbox>
	</object>
	<object>
		<name>132</name>
		<pose>Unspecified</pose>
		<truncated>0</truncated>
		<difficult>0</difficult>
		<bndbox>
			<xmin>23</xmin>
			<ymin>58</ymin>
			<xmax>57</xmax>
			<ymax>106</ymax>
		</bndbox>
	</object>
</annotation>
