<annotation>
	<folder>02-李宇航</folder>
	<filename>oc_03_1_0371_1_4.png</filename>
	<path>C:\Users\Administrator\Desktop\02-李宇航\02-李宇航\oc_03_1_0371_1_4.png</path>
	<source>
		<database>Unknown</database>
	</source>
	<size>
		<width>55</width>
		<height>134</height>
		<depth>1</depth>
	</size>
	<segmented>0</segmented>
	<object>
		<name>062</name>
		<pose>Unspecified</pose>
		<truncated>0</truncated>
		<difficult>0</difficult>
		<bndbox>
			<xmin>13</xmin>
			<ymin>12</ymin>
			<xmax>33</xmax>
			<ymax>65</ymax>
		</bndbox>
	</object>
	<object>
		<name>132</name>
		<pose>Unspecified</pose>
		<truncated>0</truncated>
		<difficult>0</difficult>
		<bndbox>
			<xmin>18</xmin>
			<ymin>44</ymin>
			<xmax>40</xmax>
			<ymax>111</ymax>
		</bndbox>
	</object>
</annotation>
