<annotation>
	<folder>02-李宇航</folder>
	<filename>oc_02_2_0301_1_3.png</filename>
	<path>C:\Users\Administrator\Desktop\02-李宇航\02-李宇航\oc_02_2_0301_1_3.png</path>
	<source>
		<database>Unknown</database>
	</source>
	<size>
		<width>38</width>
		<height>69</height>
		<depth>1</depth>
	</size>
	<segmented>0</segmented>
	<object>
		<name>468</name>
		<pose>Unspecified</pose>
		<truncated>1</truncated>
		<difficult>0</difficult>
		<bndbox>
			<xmin>1</xmin>
			<ymin>3</ymin>
			<xmax>33</xmax>
			<ymax>45</ymax>
		</bndbox>
	</object>
	<object>
		<name>134</name>
		<pose>Unspecified</pose>
		<truncated>0</truncated>
		<difficult>0</difficult>
		<bndbox>
			<xmin>6</xmin>
			<ymin>46</ymin>
			<xmax>29</xmax>
			<ymax>67</ymax>
		</bndbox>
	</object>
</annotation>
