<annotation>
	<folder>02-李宇航</folder>
	<filename>oc_02_2_0301_1_2.png</filename>
	<path>C:\Users\Administrator\Desktop\02-李宇航\02-李宇航\oc_02_2_0301_1_2.png</path>
	<source>
		<database>Unknown</database>
	</source>
	<size>
		<width>44</width>
		<height>67</height>
		<depth>1</depth>
	</size>
	<segmented>0</segmented>
	<object>
		<name>134</name>
		<pose>Unspecified</pose>
		<truncated>1</truncated>
		<difficult>0</difficult>
		<bndbox>
			<xmin>1</xmin>
			<ymin>42</ymin>
			<xmax>44</xmax>
			<ymax>66</ymax>
		</bndbox>
	</object>
	<object>
		<name>468</name>
		<pose>Unspecified</pose>
		<truncated>1</truncated>
		<difficult>0</difficult>
		<bndbox>
			<xmin>3</xmin>
			<ymin>2</ymin>
			<xmax>44</xmax>
			<ymax>45</ymax>
		</bndbox>
	</object>
</annotation>
