<annotation>
	<folder>choose_oracle_images</folder>
	<filename>oc_02_1_0156_1_3.png</filename>
	<path>D:\Learn Python\position relationgship\choose_oracle_images\oc_02_1_0156_1_3.png</path>
	<source>
		<database>Unknown</database>
	</source>
	<size>
		<width>96</width>
		<height>123</height>
		<depth>1</depth>
	</size>
	<segmented>0</segmented>
	<object>
		<name>335</name>
		<pose>Unspecified</pose>
		<truncated>0</truncated>
		<difficult>0</difficult>
		<bndbox>
			<xmin>30</xmin>
			<ymin>28</ymin>
			<xmax>72</xmax>
			<ymax>96</ymax>
		</bndbox>
	</object>
	<object>
		<name>189</name>
		<pose>Unspecified</pose>
		<truncated>0</truncated>
		<difficult>0</difficult>
		<bndbox>
			<xmin>10</xmin>
			<ymin>7</ymin>
			<xmax>92</xmax>
			<ymax>117</ymax>
		</bndbox>
	</object>
</annotation>
