<annotation>
	<folder>02-李宇航</folder>
	<filename>oc_03_1_0372_1_14.png</filename>
	<path>C:\Users\Administrator\Desktop\02-李宇航\02-李宇航\oc_03_1_0372_1_14.png</path>
	<source>
		<database>Unknown</database>
	</source>
	<size>
		<width>97</width>
		<height>117</height>
		<depth>1</depth>
	</size>
	<segmented>0</segmented>
	<object>
		<name>132</name>
		<pose>Unspecified</pose>
		<truncated>0</truncated>
		<difficult>0</difficult>
		<bndbox>
			<xmin>18</xmin>
			<ymin>12</ymin>
			<xmax>58</xmax>
			<ymax>96</ymax>
		</bndbox>
	</object>
	<object>
		<name>132</name>
		<pose>Unspecified</pose>
		<truncated>0</truncated>
		<difficult>0</difficult>
		<bndbox>
			<xmin>58</xmin>
			<ymin>13</ymin>
			<xmax>93</xmax>
			<ymax>105</ymax>
		</bndbox>
	</object>
</annotation>
