<annotation>
	<folder>02-李宇航</folder>
	<filename>oc_02_2_0291_1_1.png</filename>
	<path>C:\Users\Administrator\Desktop\02-李宇航\02-李宇航\oc_02_2_0291_1_1.png</path>
	<source>
		<database>Unknown</database>
	</source>
	<size>
		<width>70</width>
		<height>127</height>
		<depth>1</depth>
	</size>
	<segmented>0</segmented>
	<object>
		<name>287</name>
		<pose>Unspecified</pose>
		<truncated>0</truncated>
		<difficult>0</difficult>
		<bndbox>
			<xmin>7</xmin>
			<ymin>7</ymin>
			<xmax>38</xmax>
			<ymax>72</ymax>
		</bndbox>
	</object>
	<object>
		<name>287</name>
		<pose>Unspecified</pose>
		<truncated>0</truncated>
		<difficult>0</difficult>
		<bndbox>
			<xmin>34</xmin>
			<ymin>9</ymin>
			<xmax>68</xmax>
			<ymax>68</ymax>
		</bndbox>
	</object>
	<object>
		<name>307</name>
		<pose>Unspecified</pose>
		<truncated>0</truncated>
		<difficult>0</difficult>
		<bndbox>
			<xmin>5</xmin>
			<ymin>63</ymin>
			<xmax>54</xmax>
			<ymax>125</ymax>
		</bndbox>
	</object>
</annotation>
