<annotation>
	<folder>03-吴磊</folder>
	<filename>oc_03_1_0385_2_2.png</filename>
	<path>D:\xdd\BaiduNetdiskDownload\03-吴磊\oc_03_1_0385_2_2.png</path>
	<source>
		<database>Unknown</database>
	</source>
	<size>
		<width>95</width>
		<height>131</height>
		<depth>1</depth>
	</size>
	<segmented>0</segmented>
	<object>
		<name>062</name>
		<pose>Unspecified</pose>
		<truncated>0</truncated>
		<difficult>0</difficult>
		<bndbox>
			<xmin>21</xmin>
			<ymin>42</ymin>
			<xmax>41</xmax>
			<ymax>93</ymax>
		</bndbox>
	</object>
	<object>
		<name>269</name>
		<pose>Unspecified</pose>
		<truncated>0</truncated>
		<difficult>0</difficult>
		<bndbox>
			<xmin>42</xmin>
			<ymin>37</ymin>
			<xmax>76</xmax>
			<ymax>118</ymax>
		</bndbox>
	</object>
	<object>
		<name>189</name>
		<pose>Unspecified</pose>
		<truncated>0</truncated>
		<difficult>0</difficult>
		<bndbox>
			<xmin>9</xmin>
			<ymin>11</ymin>
			<xmax>86</xmax>
			<ymax>102</ymax>
		</bndbox>
	</object>
</annotation>
