<annotation>
	<folder>01-李沿增</folder>
	<filename>oc_02_1_0153_2_2.png</filename>
	<path>D:\古文字\古文字\01-李沿增\oc_02_1_0153_2_2.png</path>
	<source>
		<database>Unknown</database>
	</source>
	<size>
		<width>90</width>
		<height>124</height>
		<depth>1</depth>
	</size>
	<segmented>0</segmented>
	<object>
		<name>408</name>
		<pose>Unspecified</pose>
		<truncated>0</truncated>
		<difficult>0</difficult>
		<bndbox>
			<xmin>47</xmin>
			<ymin>8</ymin>
			<xmax>84</xmax>
			<ymax>116</ymax>
		</bndbox>
	</object>
	<object>
		<name>111</name>
		<pose>Unspecified</pose>
		<truncated>0</truncated>
		<difficult>0</difficult>
		<bndbox>
			<xmin>8</xmin>
			<ymin>19</ymin>
			<xmax>31</xmax>
			<ymax>116</ymax>
		</bndbox>
	</object>
</annotation>
