<annotation>
	<folder>03-吴磊</folder>
	<filename>oc_03_1_0379_1_1.png</filename>
	<path>D:\xdd\BaiduNetdiskDownload\03-吴磊\oc_03_1_0379_1_1.png</path>
	<source>
		<database>Unknown</database>
	</source>
	<size>
		<width>74</width>
		<height>116</height>
		<depth>1</depth>
	</size>
	<segmented>0</segmented>
	<object>
		<name>132</name>
		<pose>Unspecified</pose>
		<truncated>0</truncated>
		<difficult>0</difficult>
		<bndbox>
			<xmin>5</xmin>
			<ymin>15</ymin>
			<xmax>19</xmax>
			<ymax>56</ymax>
		</bndbox>
	</object>
	<object>
		<name>132</name>
		<pose>Unspecified</pose>
		<truncated>0</truncated>
		<difficult>0</difficult>
		<bndbox>
			<xmin>51</xmin>
			<ymin>10</ymin>
			<xmax>69</xmax>
			<ymax>57</ymax>
		</bndbox>
	</object>
	<object>
		<name>287</name>
		<pose>Unspecified</pose>
		<truncated>0</truncated>
		<difficult>0</difficult>
		<bndbox>
			<xmin>20</xmin>
			<ymin>13</ymin>
			<xmax>45</xmax>
			<ymax>61</ymax>
		</bndbox>
	</object>
	<object>
		<name>154</name>
		<pose>Unspecified</pose>
		<truncated>0</truncated>
		<difficult>0</difficult>
		<bndbox>
			<xmin>28</xmin>
			<ymin>62</ymin>
			<xmax>44</xmax>
			<ymax>95</ymax>
		</bndbox>
	</object>
</annotation>
