<annotation>
	<folder>59_radical_labelled_new</folder>
	<filename>oc_02_1_0148_1_3.jpg</filename>
	<path>D:\Learn Python\position relationgship\59_radical_labelled_new\oc_02_1_0148_1_3.jpg</path>
	<source>
		<database>Unknown</database>
	</source>
	<size>
		<width>69</width>
		<height>123</height>
		<depth>1</depth>
	</size>
	<segmented>0</segmented>
	<object>
		<name>307</name>
		<pose>Unspecified</pose>
		<truncated>0</truncated>
		<difficult>0</difficult>
		<bndbox>
			<xmin>9</xmin>
			<ymin>4</ymin>
			<xmax>49</xmax>
			<ymax>65</ymax>
		</bndbox>
	</object>
	<object>
		<name>307</name>
		<pose>Unspecified</pose>
		<truncated>0</truncated>
		<difficult>0</difficult>
		<bndbox>
			<xmin>14</xmin>
			<ymin>56</ymin>
			<xmax>61</xmax>
			<ymax>119</ymax>
		</bndbox>
	</object>
</annotation>
