<annotation>
	<folder>02-李宇航</folder>
	<filename>oc_02_1_0161_2_2.png</filename>
	<path>C:\Users\wml\Desktop\02-李宇航\02-李宇航\oc_02_1_0161_2_2.png</path>
	<source>
		<database>Unknown</database>
	</source>
	<size>
		<width>88</width>
		<height>117</height>
		<depth>1</depth>
	</size>
	<segmented>0</segmented>
	<object>
		<name>104</name>
		<pose>Unspecified</pose>
		<truncated>1</truncated>
		<difficult>0</difficult>
		<bndbox>
			<xmin>62</xmin>
			<ymin>5</ymin>
			<xmax>88</xmax>
			<ymax>90</ymax>
		</bndbox>
	</object>
	<object>
		<name>327</name>
		<pose>Unspecified</pose>
		<truncated>0</truncated>
		<difficult>0</difficult>
		<bndbox>
			<xmin>15</xmin>
			<ymin>10</ymin>
			<xmax>44</xmax>
			<ymax>66</ymax>
		</bndbox>
	</object>
	<object>
		<name>393</name>
		<pose>Unspecified</pose>
		<truncated>0</truncated>
		<difficult>0</difficult>
		<bndbox>
			<xmin>37</xmin>
			<ymin>12</ymin>
			<xmax>69</xmax>
			<ymax>101</ymax>
		</bndbox>
	</object>
	<object>
		<name>154</name>
		<pose>Unspecified</pose>
		<truncated>0</truncated>
		<difficult>0</difficult>
		<bndbox>
			<xmin>6</xmin>
			<ymin>70</ymin>
			<xmax>36</xmax>
			<ymax>112</ymax>
		</bndbox>
	</object>
</annotation>
