<annotation>
	<folder>02-李宇航</folder>
	<filename>oc_02_1_0217_1_3.png</filename>
	<path>C:\Users\wml\Desktop\02-李宇航\02-李宇航\oc_02_1_0217_1_3.png</path>
	<source>
		<database>Unknown</database>
	</source>
	<size>
		<width>66</width>
		<height>122</height>
		<depth>1</depth>
	</size>
	<segmented>0</segmented>
	<object>
		<name>387</name>
		<pose>Unspecified</pose>
		<truncated>0</truncated>
		<difficult>0</difficult>
		<bndbox>
			<xmin>12</xmin>
			<ymin>33</ymin>
			<xmax>45</xmax>
			<ymax>115</ymax>
		</bndbox>
	</object>
	<object>
		<name>307</name>
		<pose>Unspecified</pose>
		<truncated>0</truncated>
		<difficult>0</difficult>
		<bndbox>
			<xmin>8</xmin>
			<ymin>9</ymin>
			<xmax>63</xmax>
			<ymax>50</ymax>
		</bndbox>
	</object>
</annotation>
