<annotation>
	<folder>59_radical_labelled_new</folder>
	<filename>oc_02_1_0107_1_2.jpg</filename>
	<path>D:\Learn Python\position relationgship\59_radical_labelled_new\oc_02_1_0107_1_2.jpg</path>
	<source>
		<database>Unknown</database>
	</source>
	<size>
		<width>89</width>
		<height>116</height>
		<depth>1</depth>
	</size>
	<segmented>0</segmented>
	<object>
		<name>134</name>
		<pose>Unspecified</pose>
		<truncated>0</truncated>
		<difficult>0</difficult>
		<bndbox>
			<xmin>23</xmin>
			<ymin>51</ymin>
			<xmax>81</xmax>
			<ymax>109</ymax>
		</bndbox>
	</object>
	<object>
		<name>335</name>
		<pose>Unspecified</pose>
		<truncated>0</truncated>
		<difficult>0</difficult>
		<bndbox>
			<xmin>33</xmin>
			<ymin>15</ymin>
			<xmax>76</xmax>
			<ymax>76</ymax>
		</bndbox>
	</object>
</annotation>
