<annotation>
	<folder>02-李宇航</folder>
	<filename>oc_02_2_0343_1_2.png</filename>
	<path>C:\Users\Administrator\Desktop\02-李宇航\02-李宇航\oc_02_2_0343_1_2.png</path>
	<source>
		<database>Unknown</database>
	</source>
	<size>
		<width>76</width>
		<height>104</height>
		<depth>1</depth>
	</size>
	<segmented>0</segmented>
	<object>
		<name>247</name>
		<pose>Unspecified</pose>
		<truncated>0</truncated>
		<difficult>0</difficult>
		<bndbox>
			<xmin>9</xmin>
			<ymin>15</ymin>
			<xmax>27</xmax>
			<ymax>96</ymax>
		</bndbox>
	</object>
	<object>
		<name>134</name>
		<pose>Unspecified</pose>
		<truncated>0</truncated>
		<difficult>0</difficult>
		<bndbox>
			<xmin>26</xmin>
			<ymin>49</ymin>
			<xmax>71</xmax>
			<ymax>96</ymax>
		</bndbox>
	</object>
	<object>
		<name>318</name>
		<pose>Unspecified</pose>
		<truncated>0</truncated>
		<difficult>0</difficult>
		<bndbox>
			<xmin>29</xmin>
			<ymin>4</ymin>
			<xmax>70</xmax>
			<ymax>83</ymax>
		</bndbox>
	</object>
</annotation>
