<annotation>
	<folder>01-李沿增</folder>
	<filename>oc_01_2_0069_1_1.png</filename>
	<path>D:\古文字\古文字\01-李沿增\oc_01_2_0069_1_1.png</path>
	<source>
		<database>Unknown</database>
	</source>
	<size>
		<width>86</width>
		<height>136</height>
		<depth>1</depth>
	</size>
	<segmented>0</segmented>
	<object>
		<name>234</name>
		<pose>Unspecified</pose>
		<truncated>0</truncated>
		<difficult>0</difficult>
		<bndbox>
			<xmin>24</xmin>
			<ymin>7</ymin>
			<xmax>77</xmax>
			<ymax>85</ymax>
		</bndbox>
	</object>
</annotation>
