<annotation>
	<folder>03-吴磊</folder>
	<filename>oc_03_1_0397_1_4.png</filename>
	<path>D:\xdd\BaiduNetdiskDownload\03-吴磊\oc_03_1_0397_1_4.png</path>
	<source>
		<database>Unknown</database>
	</source>
	<size>
		<width>90</width>
		<height>109</height>
		<depth>1</depth>
	</size>
	<segmented>0</segmented>
	<object>
		<name>269</name>
		<pose>Unspecified</pose>
		<truncated>0</truncated>
		<difficult>0</difficult>
		<bndbox>
			<xmin>5</xmin>
			<ymin>27</ymin>
			<xmax>60</xmax>
			<ymax>105</ymax>
		</bndbox>
	</object>
	<object>
		<name>062</name>
		<pose>Unspecified</pose>
		<truncated>0</truncated>
		<difficult>0</difficult>
		<bndbox>
			<xmin>61</xmin>
			<ymin>5</ymin>
			<xmax>81</xmax>
			<ymax>96</ymax>
		</bndbox>
	</object>
</annotation>
