<annotation>
	<folder>01-李沿增</folder>
	<filename>oc_02_1_0153_1_6.png</filename>
	<path>D:\古文字\古文字\01-李沿增\oc_02_1_0153_1_6.png</path>
	<source>
		<database>Unknown</database>
	</source>
	<size>
		<width>89</width>
		<height>123</height>
		<depth>1</depth>
	</size>
	<segmented>0</segmented>
	<object>
		<name>335</name>
		<pose>Unspecified</pose>
		<truncated>0</truncated>
		<difficult>0</difficult>
		<bndbox>
			<xmin>36</xmin>
			<ymin>18</ymin>
			<xmax>84</xmax>
			<ymax>120</ymax>
		</bndbox>
	</object>
	<object>
		<name>111</name>
		<pose>Unspecified</pose>
		<truncated>0</truncated>
		<difficult>0</difficult>
		<bndbox>
			<xmin>7</xmin>
			<ymin>8</ymin>
			<xmax>37</xmax>
			<ymax>109</ymax>
		</bndbox>
	</object>
</annotation>
