<annotation>
	<folder>01-李沿增</folder>
	<filename>oc_01_1_0051_2_2.png</filename>
	<path>D:\古文字\古文字\01-李沿增\oc_01_1_0051_2_2.png</path>
	<source>
		<database>Unknown</database>
	</source>
	<size>
		<width>101</width>
		<height>121</height>
		<depth>1</depth>
	</size>
	<segmented>0</segmented>
	<object>
		<name>287</name>
		<pose>Unspecified</pose>
		<truncated>0</truncated>
		<difficult>0</difficult>
		<bndbox>
			<xmin>5</xmin>
			<ymin>22</ymin>
			<xmax>40</xmax>
			<ymax>80</ymax>
		</bndbox>
	</object>
	<object>
		<name>287</name>
		<pose>Unspecified</pose>
		<truncated>1</truncated>
		<difficult>0</difficult>
		<bndbox>
			<xmin>72</xmin>
			<ymin>21</ymin>
			<xmax>101</xmax>
			<ymax>87</ymax>
		</bndbox>
	</object>
	<object>
		<name>338</name>
		<pose>Unspecified</pose>
		<truncated>0</truncated>
		<difficult>0</difficult>
		<bndbox>
			<xmin>41</xmin>
			<ymin>8</ymin>
			<xmax>69</xmax>
			<ymax>114</ymax>
		</bndbox>
	</object>
</annotation>
