<annotation>
	<folder>choose_oracle_images</folder>
	<filename>oc_01_1_0014_1_2.png</filename>
	<path>D:\Learn Python\position relationgship\choose_oracle_images\oc_01_1_0014_1_2.png</path>
	<source>
		<database>Unknown</database>
	</source>
	<size>
		<width>101</width>
		<height>126</height>
		<depth>1</depth>
	</size>
	<segmented>0</segmented>
	<object>
		<name>389</name>
		<pose>Unspecified</pose>
		<truncated>0</truncated>
		<difficult>0</difficult>
		<bndbox>
			<xmin>9</xmin>
			<ymin>54</ymin>
			<xmax>56</xmax>
			<ymax>119</ymax>
		</bndbox>
	</object>
	<object>
		<name>468</name>
		<pose>Unspecified</pose>
		<truncated>0</truncated>
		<difficult>0</difficult>
		<bndbox>
			<xmin>13</xmin>
			<ymin>5</ymin>
			<xmax>70</xmax>
			<ymax>50</ymax>
		</bndbox>
	</object>
	<object>
		<name>132</name>
		<pose>Unspecified</pose>
		<truncated>0</truncated>
		<difficult>0</difficult>
		<bndbox>
			<xmin>57</xmin>
			<ymin>35</ymin>
			<xmax>95</xmax>
			<ymax>94</ymax>
		</bndbox>
	</object>
</annotation>
