<annotation>
	<folder>59_radical_labelled_new</folder>
	<filename>oc_01_1_0052_2_2.png</filename>
	<path>D:\Learn Python\position relationgship\59_radical_labelled_new\oc_01_1_0052_2_2.png</path>
	<source>
		<database>Unknown</database>
	</source>
	<size>
		<width>114</width>
		<height>133</height>
		<depth>1</depth>
	</size>
	<segmented>0</segmented>
	<object>
		<name>484</name>
		<pose>Unspecified</pose>
		<truncated>0</truncated>
		<difficult>0</difficult>
		<bndbox>
			<xmin>41</xmin>
			<ymin>36</ymin>
			<xmax>80</xmax>
			<ymax>108</ymax>
		</bndbox>
	</object>
	<object>
		<name>287</name>
		<pose>Unspecified</pose>
		<truncated>0</truncated>
		<difficult>0</difficult>
		<bndbox>
			<xmin>8</xmin>
			<ymin>20</ymin>
			<xmax>45</xmax>
			<ymax>117</ymax>
		</bndbox>
	</object>
	<object>
		<name>287</name>
		<pose>Unspecified</pose>
		<truncated>0</truncated>
		<difficult>0</difficult>
		<bndbox>
			<xmin>75</xmin>
			<ymin>14</ymin>
			<xmax>104</xmax>
			<ymax>116</ymax>
		</bndbox>
	</object>
</annotation>
