<annotation>
	<folder>02-李宇航</folder>
	<filename>oc_02_2_0238_1_2.png</filename>
	<path>C:\Users\wml\Desktop\02-李宇航\02-李宇航\oc_02_2_0238_1_2.png</path>
	<source>
		<database>Unknown</database>
	</source>
	<size>
		<width>34</width>
		<height>73</height>
		<depth>1</depth>
	</size>
	<segmented>0</segmented>
	<object>
		<name>111</name>
		<pose>Unspecified</pose>
		<truncated>0</truncated>
		<difficult>0</difficult>
		<bndbox>
			<xmin>5</xmin>
			<ymin>2</ymin>
			<xmax>26</xmax>
			<ymax>41</ymax>
		</bndbox>
	</object>
	<object>
		<name>307</name>
		<pose>Unspecified</pose>
		<truncated>0</truncated>
		<difficult>0</difficult>
		<bndbox>
			<xmin>7</xmin>
			<ymin>41</ymin>
			<xmax>32</xmax>
			<ymax>71</ymax>
		</bndbox>
	</object>
</annotation>
