<annotation>
	<folder>01-李沿增</folder>
	<filename>oc_01_1_0033_1_6.png</filename>
	<path>D:\古文字\古文字\01-李沿增\oc_01_1_0033_1_6.png</path>
	<source>
		<database>Unknown</database>
	</source>
	<size>
		<width>91</width>
		<height>116</height>
		<depth>1</depth>
	</size>
	<segmented>0</segmented>
	<object>
		<name>389</name>
		<pose>Unspecified</pose>
		<truncated>0</truncated>
		<difficult>0</difficult>
		<bndbox>
			<xmin>6</xmin>
			<ymin>10</ymin>
			<xmax>86</xmax>
			<ymax>112</ymax>
		</bndbox>
	</object>
</annotation>
