<annotation>
	<folder>choose_oracle_images</folder>
	<filename>oc_02_1_0135_1_4.png</filename>
	<path>D:\Learn Python\position relationgship\choose_oracle_images\oc_02_1_0135_1_4.png</path>
	<source>
		<database>Unknown</database>
	</source>
	<size>
		<width>61</width>
		<height>125</height>
		<depth>1</depth>
	</size>
	<segmented>0</segmented>
	<object>
		<name>468</name>
		<pose>Unspecified</pose>
		<truncated>0</truncated>
		<difficult>0</difficult>
		<bndbox>
			<xmin>10</xmin>
			<ymin>65</ymin>
			<xmax>54</xmax>
			<ymax>123</ymax>
		</bndbox>
	</object>
	<object>
		<name>132</name>
		<pose>Unspecified</pose>
		<truncated>0</truncated>
		<difficult>0</difficult>
		<bndbox>
			<xmin>12</xmin>
			<ymin>31</ymin>
			<xmax>53</xmax>
			<ymax>67</ymax>
		</bndbox>
	</object>
</annotation>
