<annotation>
	<folder>choose_oracle_images</folder>
	<filename>oc_01_1_0037_1_7.png</filename>
	<path>D:\Learn Python\position relationgship\choose_oracle_images\oc_01_1_0037_1_7.png</path>
	<source>
		<database>Unknown</database>
	</source>
	<size>
		<width>103</width>
		<height>123</height>
		<depth>1</depth>
	</size>
	<segmented>0</segmented>
	<object>
		<name>132</name>
		<pose>Unspecified</pose>
		<truncated>0</truncated>
		<difficult>0</difficult>
		<bndbox>
			<xmin>44</xmin>
			<ymin>9</ymin>
			<xmax>95</xmax>
			<ymax>93</ymax>
		</bndbox>
	</object>
	<object>
		<name>421</name>
		<pose>Unspecified</pose>
		<truncated>0</truncated>
		<difficult>0</difficult>
		<bndbox>
			<xmin>9</xmin>
			<ymin>5</ymin>
			<xmax>57</xmax>
			<ymax>116</ymax>
		</bndbox>
	</object>
</annotation>
