<annotation>
	<folder>03-吴磊</folder>
	<filename>oc_03_1_0397_1_6.png</filename>
	<path>D:\xdd\BaiduNetdiskDownload\03-吴磊\oc_03_1_0397_1_6.png</path>
	<source>
		<database>Unknown</database>
	</source>
	<size>
		<width>81</width>
		<height>124</height>
		<depth>1</depth>
	</size>
	<segmented>0</segmented>
	<object>
		<name>269</name>
		<pose>Unspecified</pose>
		<truncated>0</truncated>
		<difficult>0</difficult>
		<bndbox>
			<xmin>11</xmin>
			<ymin>13</ymin>
			<xmax>44</xmax>
			<ymax>118</ymax>
		</bndbox>
	</object>
	<object>
		<name>062</name>
		<pose>Unspecified</pose>
		<truncated>0</truncated>
		<difficult>0</difficult>
		<bndbox>
			<xmin>52</xmin>
			<ymin>7</ymin>
			<xmax>80</xmax>
			<ymax>86</ymax>
		</bndbox>
	</object>
</annotation>
