<annotation>
	<folder>03-吴磊</folder>
	<filename>oc_03_1_0379_3_1.png</filename>
	<path>D:\xdd\BaiduNetdiskDownload\03-吴磊\oc_03_1_0379_3_1.png</path>
	<source>
		<database>Unknown</database>
	</source>
	<size>
		<width>107</width>
		<height>123</height>
		<depth>1</depth>
	</size>
	<segmented>0</segmented>
	<object>
		<name>287</name>
		<pose>Unspecified</pose>
		<truncated>0</truncated>
		<difficult>0</difficult>
		<bndbox>
			<xmin>60</xmin>
			<ymin>37</ymin>
			<xmax>101</xmax>
			<ymax>114</ymax>
		</bndbox>
	</object>
	<object>
		<name>030</name>
		<pose>Unspecified</pose>
		<truncated>0</truncated>
		<difficult>0</difficult>
		<bndbox>
			<xmin>7</xmin>
			<ymin>15</ymin>
			<xmax>68</xmax>
			<ymax>118</ymax>
		</bndbox>
	</object>
</annotation>
