<annotation>
	<folder>01-李沿增</folder>
	<filename>oc_02_1_0098_1_11.png</filename>
	<path>D:\古文字\古文字\01-李沿增\oc_02_1_0098_1_11.png</path>
	<source>
		<database>Unknown</database>
	</source>
	<size>
		<width>94</width>
		<height>108</height>
		<depth>1</depth>
	</size>
	<segmented>0</segmented>
	<object>
		<name>134</name>
		<pose>Unspecified</pose>
		<truncated>1</truncated>
		<difficult>0</difficult>
		<bndbox>
			<xmin>8</xmin>
			<ymin>59</ymin>
			<xmax>94</xmax>
			<ymax>102</ymax>
		</bndbox>
	</object>
	<object>
		<name>164</name>
		<pose>Unspecified</pose>
		<truncated>0</truncated>
		<difficult>0</difficult>
		<bndbox>
			<xmin>18</xmin>
			<ymin>10</ymin>
			<xmax>88</xmax>
			<ymax>61</ymax>
		</bndbox>
	</object>
</annotation>
