<annotation>
	<folder>choose_oracle_images</folder>
	<filename>oc_01_1_0033_1_1.png</filename>
	<path>D:\Learn Python\position relationgship\choose_oracle_images\oc_01_1_0033_1_1.png</path>
	<source>
		<database>Unknown</database>
	</source>
	<size>
		<width>94</width>
		<height>105</height>
		<depth>1</depth>
	</size>
	<segmented>0</segmented>
	<object>
		<name>389</name>
		<pose>Unspecified</pose>
		<truncated>0</truncated>
		<difficult>0</difficult>
		<bndbox>
			<xmin>42</xmin>
			<ymin>4</ymin>
			<xmax>86</xmax>
			<ymax>98</ymax>
		</bndbox>
	</object>
	<object>
		<name>132</name>
		<pose>Unspecified</pose>
		<truncated>0</truncated>
		<difficult>0</difficult>
		<bndbox>
			<xmin>9</xmin>
			<ymin>5</ymin>
			<xmax>41</xmax>
			<ymax>71</ymax>
		</bndbox>
	</object>
</annotation>
