<annotation>
	<folder>02-李宇航</folder>
	<filename>oc_03_1_0371_1_7.png</filename>
	<path>C:\Users\Administrator\Desktop\02-李宇航\02-李宇航\oc_03_1_0371_1_7.png</path>
	<source>
		<database>Unknown</database>
	</source>
	<size>
		<width>64</width>
		<height>133</height>
		<depth>1</depth>
	</size>
	<segmented>0</segmented>
	<object>
		<name>062</name>
		<pose>Unspecified</pose>
		<truncated>0</truncated>
		<difficult>0</difficult>
		<bndbox>
			<xmin>24</xmin>
			<ymin>59</ymin>
			<xmax>56</xmax>
			<ymax>123</ymax>
		</bndbox>
	</object>
	<object>
		<name>132</name>
		<pose>Unspecified</pose>
		<truncated>0</truncated>
		<difficult>0</difficult>
		<bndbox>
			<xmin>9</xmin>
			<ymin>4</ymin>
			<xmax>39</xmax>
			<ymax>92</ymax>
		</bndbox>
	</object>
</annotation>
