<annotation>
	<folder>01-李沿增</folder>
	<filename>oc_02_1_0107_1_8.png</filename>
	<path>D:\古文字\古文字\01-李沿增\oc_02_1_0107_1_8.png</path>
	<source>
		<database>Unknown</database>
	</source>
	<size>
		<width>57</width>
		<height>133</height>
		<depth>1</depth>
	</size>
	<segmented>0</segmented>
	<object>
		<name>335</name>
		<pose>Unspecified</pose>
		<truncated>0</truncated>
		<difficult>0</difficult>
		<bndbox>
			<xmin>9</xmin>
			<ymin>9</ymin>
			<xmax>52</xmax>
			<ymax>82</ymax>
		</bndbox>
	</object>
	<object>
		<name>134</name>
		<pose>Unspecified</pose>
		<truncated>1</truncated>
		<difficult>0</difficult>
		<bndbox>
			<xmin>5</xmin>
			<ymin>88</ymin>
			<xmax>57</xmax>
			<ymax>133</ymax>
		</bndbox>
	</object>
</annotation>
