<annotation>
	<folder>02-李宇航</folder>
	<filename>oc_02_2_0262_1_2.png</filename>
	<path>C:\Users\wml\Desktop\02-李宇航\02-李宇航\oc_02_2_0262_1_2.png</path>
	<source>
		<database>Unknown</database>
	</source>
	<size>
		<width>76</width>
		<height>120</height>
		<depth>1</depth>
	</size>
	<segmented>0</segmented>
	<object>
		<name>307</name>
		<pose>Unspecified</pose>
		<truncated>1</truncated>
		<difficult>0</difficult>
		<bndbox>
			<xmin>1</xmin>
			<ymin>3</ymin>
			<xmax>27</xmax>
			<ymax>58</ymax>
		</bndbox>
	</object>
	<object>
		<name>247</name>
		<pose>Unspecified</pose>
		<truncated>0</truncated>
		<difficult>0</difficult>
		<bndbox>
			<xmin>62</xmin>
			<ymin>19</ymin>
			<xmax>71</xmax>
			<ymax>101</ymax>
		</bndbox>
	</object>
	<object>
		<name>307</name>
		<pose>Unspecified</pose>
		<truncated>0</truncated>
		<difficult>0</difficult>
		<bndbox>
			<xmin>39</xmin>
			<ymin>23</ymin>
			<xmax>64</xmax>
			<ymax>65</ymax>
		</bndbox>
	</object>
	<object>
		<name>269</name>
		<pose>Unspecified</pose>
		<truncated>0</truncated>
		<difficult>0</difficult>
		<bndbox>
			<xmin>21</xmin>
			<ymin>20</ymin>
			<xmax>48</xmax>
			<ymax>118</ymax>
		</bndbox>
	</object>
</annotation>
