<annotation>
	<folder>03-吴磊</folder>
	<filename>oc_03_1_0382_1_2.png</filename>
	<path>D:\xdd\BaiduNetdiskDownload\03-吴磊\oc_03_1_0382_1_2.png</path>
	<source>
		<database>Unknown</database>
	</source>
	<size>
		<width>89</width>
		<height>125</height>
		<depth>1</depth>
	</size>
	<segmented>0</segmented>
	<object>
		<name>186</name>
		<pose>Unspecified</pose>
		<truncated>0</truncated>
		<difficult>0</difficult>
		<bndbox>
			<xmin>42</xmin>
			<ymin>45</ymin>
			<xmax>86</xmax>
			<ymax>121</ymax>
		</bndbox>
	</object>
	<object>
		<name>327</name>
		<pose>Unspecified</pose>
		<truncated>0</truncated>
		<difficult>0</difficult>
		<bndbox>
			<xmin>8</xmin>
			<ymin>4</ymin>
			<xmax>43</xmax>
			<ymax>75</ymax>
		</bndbox>
	</object>
</annotation>
