<annotation>
	<folder>02-李宇航</folder>
	<filename>oc_02_1_0195_1_4.png</filename>
	<path>C:\Users\wml\Desktop\02-李宇航\02-李宇航\oc_02_1_0195_1_4.png</path>
	<source>
		<database>Unknown</database>
	</source>
	<size>
		<width>51</width>
		<height>125</height>
		<depth>1</depth>
	</size>
	<segmented>0</segmented>
	<object>
		<name>164</name>
		<pose>Unspecified</pose>
		<truncated>0</truncated>
		<difficult>0</difficult>
		<bndbox>
			<xmin>19</xmin>
			<ymin>4</ymin>
			<xmax>43</xmax>
			<ymax>48</ymax>
		</bndbox>
	</object>
	<object>
		<name>461</name>
		<pose>Unspecified</pose>
		<truncated>1</truncated>
		<difficult>0</difficult>
		<bndbox>
			<xmin>12</xmin>
			<ymin>37</ymin>
			<xmax>49</xmax>
			<ymax>125</ymax>
		</bndbox>
	</object>
</annotation>
