<annotation>
	<folder>choose_oracle_images</folder>
	<filename>oc_02_1_0135_2_4.png</filename>
	<path>D:\Learn Python\position relationgship\choose_oracle_images\oc_02_1_0135_2_4.png</path>
	<source>
		<database>Unknown</database>
	</source>
	<size>
		<width>122</width>
		<height>95</height>
		<depth>1</depth>
	</size>
	<segmented>0</segmented>
	<object>
		<name>247</name>
		<pose>Unspecified</pose>
		<truncated>0</truncated>
		<difficult>0</difficult>
		<bndbox>
			<xmin>6</xmin>
			<ymin>3</ymin>
			<xmax>31</xmax>
			<ymax>70</ymax>
		</bndbox>
	</object>
	<object>
		<name>468</name>
		<pose>Unspecified</pose>
		<truncated>0</truncated>
		<difficult>0</difficult>
		<bndbox>
			<xmin>32</xmin>
			<ymin>13</ymin>
			<xmax>88</xmax>
			<ymax>72</ymax>
		</bndbox>
	</object>
	<object>
		<name>132</name>
		<pose>Unspecified</pose>
		<truncated>0</truncated>
		<difficult>0</difficult>
		<bndbox>
			<xmin>85</xmin>
			<ymin>26</ymin>
			<xmax>117</xmax>
			<ymax>89</ymax>
		</bndbox>
	</object>
</annotation>
