<annotation>
	<folder>01-李沿增</folder>
	<filename>oc_02_1_0098_1_8.png</filename>
	<path>D:\古文字\古文字\01-李沿增\oc_02_1_0098_1_8.png</path>
	<source>
		<database>Unknown</database>
	</source>
	<size>
		<width>70</width>
		<height>124</height>
		<depth>1</depth>
	</size>
	<segmented>0</segmented>
	<object>
		<name>134</name>
		<pose>Unspecified</pose>
		<truncated>0</truncated>
		<difficult>0</difficult>
		<bndbox>
			<xmin>11</xmin>
			<ymin>85</ymin>
			<xmax>66</xmax>
			<ymax>115</ymax>
		</bndbox>
	</object>
	<object>
		<name>164</name>
		<pose>Unspecified</pose>
		<truncated>0</truncated>
		<difficult>0</difficult>
		<bndbox>
			<xmin>16</xmin>
			<ymin>15</ymin>
			<xmax>67</xmax>
			<ymax>74</ymax>
		</bndbox>
	</object>
</annotation>
