<annotation>
	<folder>02-李宇航</folder>
	<filename>oc_02_1_0217_1_4.png</filename>
	<path>C:\Users\wml\Desktop\02-李宇航\02-李宇航\oc_02_1_0217_1_4.png</path>
	<source>
		<database>Unknown</database>
	</source>
	<size>
		<width>65</width>
		<height>117</height>
		<depth>1</depth>
	</size>
	<segmented>0</segmented>
	<object>
		<name>387</name>
		<pose>Unspecified</pose>
		<truncated>0</truncated>
		<difficult>0</difficult>
		<bndbox>
			<xmin>12</xmin>
			<ymin>44</ymin>
			<xmax>46</xmax>
			<ymax>115</ymax>
		</bndbox>
	</object>
	<object>
		<name>307</name>
		<pose>Unspecified</pose>
		<truncated>1</truncated>
		<difficult>0</difficult>
		<bndbox>
			<xmin>12</xmin>
			<ymin>1</ymin>
			<xmax>62</xmax>
			<ymax>41</ymax>
		</bndbox>
	</object>
</annotation>
