<annotation>
	<folder>02-李宇航</folder>
	<filename>oc_02_2_0277_1_1.png</filename>
	<path>C:\Users\Administrator\Desktop\02-李宇航\02-李宇航\oc_02_2_0277_1_1.png</path>
	<source>
		<database>Unknown</database>
	</source>
	<size>
		<width>61</width>
		<height>124</height>
		<depth>1</depth>
	</size>
	<segmented>0</segmented>
	<object>
		<name>537</name>
		<pose>Unspecified</pose>
		<truncated>0</truncated>
		<difficult>0</difficult>
		<bndbox>
			<xmin>11</xmin>
			<ymin>7</ymin>
			<xmax>56</xmax>
			<ymax>64</ymax>
		</bndbox>
	</object>
	<object>
		<name>307</name>
		<pose>Unspecified</pose>
		<truncated>0</truncated>
		<difficult>0</difficult>
		<bndbox>
			<xmin>7</xmin>
			<ymin>66</ymin>
			<xmax>54</xmax>
			<ymax>121</ymax>
		</bndbox>
	</object>
</annotation>
