<annotation>
	<folder>choose_oracle_images</folder>
	<filename>oc_02_1_0135_2_2.png</filename>
	<path>D:\Learn Python\position relationgship\choose_oracle_images\oc_02_1_0135_2_2.png</path>
	<source>
		<database>Unknown</database>
	</source>
	<size>
		<width>85</width>
		<height>125</height>
		<depth>1</depth>
	</size>
	<segmented>0</segmented>
	<object>
		<name>247</name>
		<pose>Unspecified</pose>
		<truncated>0</truncated>
		<difficult>0</difficult>
		<bndbox>
			<xmin>8</xmin>
			<ymin>19</ymin>
			<xmax>38</xmax>
			<ymax>103</ymax>
		</bndbox>
	</object>
	<object>
		<name>468</name>
		<pose>Unspecified</pose>
		<truncated>0</truncated>
		<difficult>0</difficult>
		<bndbox>
			<xmin>40</xmin>
			<ymin>7</ymin>
			<xmax>82</xmax>
			<ymax>65</ymax>
		</bndbox>
	</object>
	<object>
		<name>132</name>
		<pose>Unspecified</pose>
		<truncated>0</truncated>
		<difficult>0</difficult>
		<bndbox>
			<xmin>47</xmin>
			<ymin>68</ymin>
			<xmax>71</xmax>
			<ymax>123</ymax>
		</bndbox>
	</object>
</annotation>
