<annotation>
	<folder>59_radical_labelled_new</folder>
	<filename>oc_02_1_0153_2_5.jpg</filename>
	<path>D:\Learn Python\position relationgship\59_radical_labelled_new\oc_02_1_0153_2_5.jpg</path>
	<source>
		<database>Unknown</database>
	</source>
	<size>
		<width>93</width>
		<height>125</height>
		<depth>1</depth>
	</size>
	<segmented>0</segmented>
	<object>
		<name>408</name>
		<pose>Unspecified</pose>
		<truncated>0</truncated>
		<difficult>0</difficult>
		<bndbox>
			<xmin>32</xmin>
			<ymin>14</ymin>
			<xmax>90</xmax>
			<ymax>99</ymax>
		</bndbox>
	</object>
	<object>
		<name>111</name>
		<pose>Unspecified</pose>
		<truncated>0</truncated>
		<difficult>0</difficult>
		<bndbox>
			<xmin>9</xmin>
			<ymin>3</ymin>
			<xmax>32</xmax>
			<ymax>115</ymax>
		</bndbox>
	</object>
</annotation>
