<annotation>
	<folder>02-李宇航</folder>
	<filename>oc_02_2_0238_1_3.png</filename>
	<path>C:\Users\wml\Desktop\02-李宇航\02-李宇航\oc_02_2_0238_1_3.png</path>
	<source>
		<database>Unknown</database>
	</source>
	<size>
		<width>36</width>
		<height>76</height>
		<depth>1</depth>
	</size>
	<segmented>0</segmented>
	<object>
		<name>111</name>
		<pose>Unspecified</pose>
		<truncated>1</truncated>
		<difficult>0</difficult>
		<bndbox>
			<xmin>8</xmin>
			<ymin>1</ymin>
			<xmax>31</xmax>
			<ymax>38</ymax>
		</bndbox>
	</object>
	<object>
		<name>307</name>
		<pose>Unspecified</pose>
		<truncated>0</truncated>
		<difficult>0</difficult>
		<bndbox>
			<xmin>2</xmin>
			<ymin>41</ymin>
			<xmax>26</xmax>
			<ymax>71</ymax>
		</bndbox>
	</object>
</annotation>
