<annotation>
	<folder>02-李宇航</folder>
	<filename>oc_03_1_0376_1_1.png</filename>
	<path>C:\Users\Administrator\Desktop\02-李宇航\02-李宇航\oc_03_1_0376_1_1.png</path>
	<source>
		<database>Unknown</database>
	</source>
	<size>
		<width>64</width>
		<height>117</height>
		<depth>1</depth>
	</size>
	<segmented>0</segmented>
	<object>
		<name>189</name>
		<pose>Unspecified</pose>
		<truncated>0</truncated>
		<difficult>0</difficult>
		<bndbox>
			<xmin>4</xmin>
			<ymin>4</ymin>
			<xmax>61</xmax>
			<ymax>78</ymax>
		</bndbox>
	</object>
	<object>
		<name>323</name>
		<pose>Unspecified</pose>
		<truncated>0</truncated>
		<difficult>0</difficult>
		<bndbox>
			<xmin>20</xmin>
			<ymin>21</ymin>
			<xmax>48</xmax>
			<ymax>74</ymax>
		</bndbox>
	</object>
	<object>
		<name>132</name>
		<pose>Unspecified</pose>
		<truncated>0</truncated>
		<difficult>0</difficult>
		<bndbox>
			<xmin>9</xmin>
			<ymin>55</ymin>
			<xmax>53</xmax>
			<ymax>114</ymax>
		</bndbox>
	</object>
</annotation>
