<annotation>
	<folder>01-李沿增</folder>
	<filename>oc_02_1_0107_1_7.png</filename>
	<path>D:\古文字\古文字\01-李沿增\oc_02_1_0107_1_7.png</path>
	<source>
		<database>Unknown</database>
	</source>
	<size>
		<width>91</width>
		<height>124</height>
		<depth>1</depth>
	</size>
	<segmented>0</segmented>
	<object>
		<name>335</name>
		<pose>Unspecified</pose>
		<truncated>0</truncated>
		<difficult>0</difficult>
		<bndbox>
			<xmin>21</xmin>
			<ymin>7</ymin>
			<xmax>76</xmax>
			<ymax>53</ymax>
		</bndbox>
	</object>
	<object>
		<name>134</name>
		<pose>Unspecified</pose>
		<truncated>0</truncated>
		<difficult>0</difficult>
		<bndbox>
			<xmin>10</xmin>
			<ymin>59</ymin>
			<xmax>84</xmax>
			<ymax>119</ymax>
		</bndbox>
	</object>
</annotation>
