<annotation>
	<folder>59_radical_labelled_new</folder>
	<filename>oc_02_1_0143_1_4.jpg</filename>
	<path>D:\Learn Python\position relationgship\59_radical_labelled_new\oc_02_1_0143_1_4.jpg</path>
	<source>
		<database>Unknown</database>
	</source>
	<size>
		<width>101</width>
		<height>226</height>
		<depth>1</depth>
	</size>
	<segmented>0</segmented>
	<object>
		<name>307</name>
		<pose>Unspecified</pose>
		<truncated>0</truncated>
		<difficult>0</difficult>
		<bndbox>
			<xmin>28</xmin>
			<ymin>5</ymin>
			<xmax>73</xmax>
			<ymax>89</ymax>
		</bndbox>
	</object>
	<object>
		<name>404</name>
		<pose>Unspecified</pose>
		<truncated>0</truncated>
		<difficult>0</difficult>
		<bndbox>
			<xmin>32</xmin>
			<ymin>94</ymin>
			<xmax>80</xmax>
			<ymax>217</ymax>
		</bndbox>
	</object>
</annotation>
