<annotation>
	<folder>59_radical_labelled_new</folder>
	<filename>oc_02_1_0139_1_5.jpg</filename>
	<path>D:\Learn Python\position relationgship\59_radical_labelled_new\oc_02_1_0139_1_5.jpg</path>
	<source>
		<database>Unknown</database>
	</source>
	<size>
		<width>78</width>
		<height>116</height>
		<depth>1</depth>
	</size>
	<segmented>0</segmented>
	<object>
		<name>252</name>
		<pose>Unspecified</pose>
		<truncated>0</truncated>
		<difficult>0</difficult>
		<bndbox>
			<xmin>7</xmin>
			<ymin>8</ymin>
			<xmax>70</xmax>
			<ymax>100</ymax>
		</bndbox>
	</object>
	<object>
		<name>134</name>
		<pose>Unspecified</pose>
		<truncated>0</truncated>
		<difficult>0</difficult>
		<bndbox>
			<xmin>39</xmin>
			<ymin>56</ymin>
			<xmax>62</xmax>
			<ymax>87</ymax>
		</bndbox>
	</object>
</annotation>
