<annotation>
	<folder>03-吴磊</folder>
	<filename>oc_03_1_0386_1_3.png</filename>
	<path>D:\xdd\BaiduNetdiskDownload\03-吴磊\oc_03_1_0386_1_3.png</path>
	<source>
		<database>Unknown</database>
	</source>
	<size>
		<width>59</width>
		<height>124</height>
		<depth>1</depth>
	</size>
	<segmented>0</segmented>
	<object>
		<name>132</name>
		<pose>Unspecified</pose>
		<truncated>0</truncated>
		<difficult>0</difficult>
		<bndbox>
			<xmin>31</xmin>
			<ymin>81</ymin>
			<xmax>47</xmax>
			<ymax>117</ymax>
		</bndbox>
	</object>
	<object>
		<name>334</name>
		<pose>Unspecified</pose>
		<truncated>0</truncated>
		<difficult>0</difficult>
		<bndbox>
			<xmin>9</xmin>
			<ymin>31</ymin>
			<xmax>42</xmax>
			<ymax>91</ymax>
		</bndbox>
	</object>
	<object>
		<name>327</name>
		<pose>Unspecified</pose>
		<truncated>1</truncated>
		<difficult>0</difficult>
		<bndbox>
			<xmin>3</xmin>
			<ymin>1</ymin>
			<xmax>12</xmax>
			<ymax>25</ymax>
		</bndbox>
	</object>
</annotation>
