<annotation>
	<folder>02-李宇航</folder>
	<filename>oc_03_1_0371_1_9.png</filename>
	<path>C:\Users\Administrator\Desktop\02-李宇航\02-李宇航\oc_03_1_0371_1_9.png</path>
	<source>
		<database>Unknown</database>
	</source>
	<size>
		<width>74</width>
		<height>133</height>
		<depth>1</depth>
	</size>
	<segmented>0</segmented>
	<object>
		<name>062</name>
		<pose>Unspecified</pose>
		<truncated>0</truncated>
		<difficult>0</difficult>
		<bndbox>
			<xmin>12</xmin>
			<ymin>5</ymin>
			<xmax>55</xmax>
			<ymax>116</ymax>
		</bndbox>
	</object>
	<object>
		<name>132</name>
		<pose>Unspecified</pose>
		<truncated>0</truncated>
		<difficult>0</difficult>
		<bndbox>
			<xmin>50</xmin>
			<ymin>103</ymin>
			<xmax>70</xmax>
			<ymax>128</ymax>
		</bndbox>
	</object>
</annotation>
