<annotation>
	<folder>02-李宇航</folder>
	<filename>oc_02_2_0331_1_1.png</filename>
	<path>C:\Users\Administrator\Desktop\02-李宇航\02-李宇航\oc_02_2_0331_1_1.png</path>
	<source>
		<database>Unknown</database>
	</source>
	<size>
		<width>55</width>
		<height>80</height>
		<depth>1</depth>
	</size>
	<segmented>0</segmented>
	<object>
		<name>008</name>
		<pose>Unspecified</pose>
		<truncated>1</truncated>
		<difficult>0</difficult>
		<bndbox>
			<xmin>2</xmin>
			<ymin>1</ymin>
			<xmax>54</xmax>
			<ymax>60</ymax>
		</bndbox>
	</object>
	<object>
		<name>134</name>
		<pose>Unspecified</pose>
		<truncated>0</truncated>
		<difficult>0</difficult>
		<bndbox>
			<xmin>8</xmin>
			<ymin>48</ymin>
			<xmax>29</xmax>
			<ymax>77</ymax>
		</bndbox>
	</object>
</annotation>
