<annotation>
	<folder>03-吴磊</folder>
	<filename>oc_03_1_0386_1_2.png</filename>
	<path>D:\xdd\BaiduNetdiskDownload\03-吴磊\oc_03_1_0386_1_2.png</path>
	<source>
		<database>Unknown</database>
	</source>
	<size>
		<width>45</width>
		<height>123</height>
		<depth>1</depth>
	</size>
	<segmented>0</segmented>
	<object>
		<name>334</name>
		<pose>Unspecified</pose>
		<truncated>0</truncated>
		<difficult>0</difficult>
		<bndbox>
			<xmin>18</xmin>
			<ymin>33</ymin>
			<xmax>40</xmax>
			<ymax>92</ymax>
		</bndbox>
	</object>
	<object>
		<name>327</name>
		<pose>Unspecified</pose>
		<truncated>0</truncated>
		<difficult>0</difficult>
		<bndbox>
			<xmin>5</xmin>
			<ymin>5</ymin>
			<xmax>20</xmax>
			<ymax>48</ymax>
		</bndbox>
	</object>
	<object>
		<name>132</name>
		<pose>Unspecified</pose>
		<truncated>0</truncated>
		<difficult>0</difficult>
		<bndbox>
			<xmin>11</xmin>
			<ymin>72</ymin>
			<xmax>21</xmax>
			<ymax>119</ymax>
		</bndbox>
	</object>
</annotation>
