<annotation>
	<folder>03-吴磊</folder>
	<filename>oc_03_1_0385_2_4.png</filename>
	<path>D:\xdd\BaiduNetdiskDownload\03-吴磊\oc_03_1_0385_2_4.png</path>
	<source>
		<database>Unknown</database>
	</source>
	<size>
		<width>77</width>
		<height>125</height>
		<depth>1</depth>
	</size>
	<segmented>0</segmented>
	<object>
		<name>269</name>
		<pose>Unspecified</pose>
		<truncated>0</truncated>
		<difficult>0</difficult>
		<bndbox>
			<xmin>34</xmin>
			<ymin>33</ymin>
			<xmax>66</xmax>
			<ymax>121</ymax>
		</bndbox>
	</object>
	<object>
		<name>062</name>
		<pose>Unspecified</pose>
		<truncated>0</truncated>
		<difficult>0</difficult>
		<bndbox>
			<xmin>20</xmin>
			<ymin>61</ymin>
			<xmax>42</xmax>
			<ymax>102</ymax>
		</bndbox>
	</object>
	<object>
		<name>189</name>
		<pose>Unspecified</pose>
		<truncated>0</truncated>
		<difficult>0</difficult>
		<bndbox>
			<xmin>34</xmin>
			<ymin>7</ymin>
			<xmax>74</xmax>
			<ymax>79</ymax>
		</bndbox>
	</object>
</annotation>
