<annotation>
	<folder>02-李宇航</folder>
	<filename>oc_02_2_0323_1_1.png</filename>
	<path>C:\Users\Administrator\Desktop\02-李宇航\02-李宇航\oc_02_2_0323_1_1.png</path>
	<source>
		<database>Unknown</database>
	</source>
	<size>
		<width>72</width>
		<height>125</height>
		<depth>1</depth>
	</size>
	<segmented>0</segmented>
	<object>
		<name>252</name>
		<pose>Unspecified</pose>
		<truncated>0</truncated>
		<difficult>0</difficult>
		<bndbox>
			<xmin>5</xmin>
			<ymin>9</ymin>
			<xmax>52</xmax>
			<ymax>99</ymax>
		</bndbox>
	</object>
	<object>
		<name>134</name>
		<pose>Unspecified</pose>
		<truncated>0</truncated>
		<difficult>0</difficult>
		<bndbox>
			<xmin>20</xmin>
			<ymin>91</ymin>
			<xmax>67</xmax>
			<ymax>119</ymax>
		</bndbox>
	</object>
</annotation>
