<annotation>
	<folder>59_radical_labelled_new</folder>
	<filename>oc_02_1_0112_1_2.png</filename>
	<path>D:\Learn Python\position relationgship\59_radical_labelled_new\oc_02_1_0112_1_2.png</path>
	<source>
		<database>Unknown</database>
	</source>
	<size>
		<width>91</width>
		<height>131</height>
		<depth>1</depth>
	</size>
	<segmented>0</segmented>
	<object>
		<name>134</name>
		<pose>Unspecified</pose>
		<truncated>0</truncated>
		<difficult>0</difficult>
		<bndbox>
			<xmin>6</xmin>
			<ymin>28</ymin>
			<xmax>28</xmax>
			<ymax>53</ymax>
		</bndbox>
	</object>
	<object>
		<name>134</name>
		<pose>Unspecified</pose>
		<truncated>0</truncated>
		<difficult>0</difficult>
		<bndbox>
			<xmin>63</xmin>
			<ymin>35</ymin>
			<xmax>84</xmax>
			<ymax>66</ymax>
		</bndbox>
	</object>
	<object>
		<name>062</name>
		<pose>Unspecified</pose>
		<truncated>0</truncated>
		<difficult>0</difficult>
		<bndbox>
			<xmin>29</xmin>
			<ymin>12</ymin>
			<xmax>66</xmax>
			<ymax>125</ymax>
		</bndbox>
	</object>
</annotation>
