<annotation>
	<folder>59_radical_labelled_new</folder>
	<filename>oc_03_1_0375_1_12.png</filename>
	<path>D:\Learn Python\position relationgship\59_radical_labelled_new\oc_03_1_0375_1_12.png</path>
	<source>
		<database>Unknown</database>
	</source>
	<size>
		<width>73</width>
		<height>124</height>
		<depth>1</depth>
	</size>
	<segmented>0</segmented>
	<object>
		<name>419</name>
		<pose>Unspecified</pose>
		<truncated>0</truncated>
		<difficult>0</difficult>
		<bndbox>
			<xmin>8</xmin>
			<ymin>12</ymin>
			<xmax>46</xmax>
			<ymax>101</ymax>
		</bndbox>
	</object>
	<object>
		<name>132</name>
		<pose>Unspecified</pose>
		<truncated>0</truncated>
		<difficult>0</difficult>
		<bndbox>
			<xmin>46</xmin>
			<ymin>5</ymin>
			<xmax>69</xmax>
			<ymax>115</ymax>
		</bndbox>
	</object>
</annotation>
