<annotation>
	<folder>02-李宇航</folder>
	<filename>oc_02_2_0287_1_3.png</filename>
	<path>C:\Users\Administrator\Desktop\02-李宇航\02-李宇航\oc_02_2_0287_1_3.png</path>
	<source>
		<database>Unknown</database>
	</source>
	<size>
		<width>44</width>
		<height>86</height>
		<depth>1</depth>
	</size>
	<segmented>0</segmented>
	<object>
		<name>307</name>
		<pose>Unspecified</pose>
		<truncated>0</truncated>
		<difficult>0</difficult>
		<bndbox>
			<xmin>2</xmin>
			<ymin>2</ymin>
			<xmax>24</xmax>
			<ymax>27</ymax>
		</bndbox>
	</object>
	<object>
		<name>387</name>
		<pose>Unspecified</pose>
		<truncated>0</truncated>
		<difficult>0</difficult>
		<bndbox>
			<xmin>7</xmin>
			<ymin>29</ymin>
			<xmax>19</xmax>
			<ymax>78</ymax>
		</bndbox>
	</object>
	<object>
		<name>387</name>
		<pose>Unspecified</pose>
		<truncated>0</truncated>
		<difficult>0</difficult>
		<bndbox>
			<xmin>16</xmin>
			<ymin>21</ymin>
			<xmax>39</xmax>
			<ymax>83</ymax>
		</bndbox>
	</object>
</annotation>
