<annotation>
	<folder>03-吴磊</folder>
	<filename>oc_03_1_0401_1_3.png</filename>
	<path>D:\xdd\BaiduNetdiskDownload\03-吴磊\oc_03_1_0401_1_3.png</path>
	<source>
		<database>Unknown</database>
	</source>
	<size>
		<width>62</width>
		<height>124</height>
		<depth>1</depth>
	</size>
	<segmented>0</segmented>
	<object>
		<name>062</name>
		<pose>Unspecified</pose>
		<truncated>0</truncated>
		<difficult>0</difficult>
		<bndbox>
			<xmin>8</xmin>
			<ymin>12</ymin>
			<xmax>27</xmax>
			<ymax>112</ymax>
		</bndbox>
	</object>
	<object>
		<name>269</name>
		<pose>Unspecified</pose>
		<truncated>0</truncated>
		<difficult>0</difficult>
		<bndbox>
			<xmin>30</xmin>
			<ymin>12</ymin>
			<xmax>56</xmax>
			<ymax>117</ymax>
		</bndbox>
	</object>
</annotation>
