<annotation>
	<folder>59_radical_labelled_new</folder>
	<filename>oc_03_1_0375_1_7.png</filename>
	<path>D:\Learn Python\position relationgship\59_radical_labelled_new\oc_03_1_0375_1_7.png</path>
	<source>
		<database>Unknown</database>
	</source>
	<size>
		<width>109</width>
		<height>101</height>
		<depth>1</depth>
	</size>
	<segmented>0</segmented>
	<object>
		<name>419</name>
		<pose>Unspecified</pose>
		<truncated>0</truncated>
		<difficult>0</difficult>
		<bndbox>
			<xmin>9</xmin>
			<ymin>11</ymin>
			<xmax>52</xmax>
			<ymax>70</ymax>
		</bndbox>
	</object>
	<object>
		<name>132</name>
		<pose>Unspecified</pose>
		<truncated>0</truncated>
		<difficult>0</difficult>
		<bndbox>
			<xmin>51</xmin>
			<ymin>21</ymin>
			<xmax>104</xmax>
			<ymax>98</ymax>
		</bndbox>
	</object>
</annotation>
