<annotation>
	<folder>59_radical_labelled_new</folder>
	<filename>oc_02_1_0148_1_7.jpg</filename>
	<path>D:\Learn Python\position relationgship\59_radical_labelled_new\oc_02_1_0148_1_7.jpg</path>
	<source>
		<database>Unknown</database>
	</source>
	<size>
		<width>42</width>
		<height>132</height>
		<depth>1</depth>
	</size>
	<segmented>0</segmented>
	<object>
		<name>307</name>
		<pose>Unspecified</pose>
		<truncated>0</truncated>
		<difficult>0</difficult>
		<bndbox>
			<xmin>3</xmin>
			<ymin>2</ymin>
			<xmax>29</xmax>
			<ymax>60</ymax>
		</bndbox>
	</object>
	<object>
		<name>307</name>
		<pose>Unspecified</pose>
		<truncated>0</truncated>
		<difficult>0</difficult>
		<bndbox>
			<xmin>3</xmin>
			<ymin>72</ymin>
			<xmax>35</xmax>
			<ymax>127</ymax>
		</bndbox>
	</object>
</annotation>
