<annotation>
	<folder>choose_oracle_images</folder>
	<filename>oc_02_1_0165_1_6.png</filename>
	<path>D:\Learn Python\position relationgship\choose_oracle_images\oc_02_1_0165_1_6.png</path>
	<source>
		<database>Unknown</database>
	</source>
	<size>
		<width>32</width>
		<height>79</height>
		<depth>1</depth>
	</size>
	<segmented>0</segmented>
	<object>
		<name>132</name>
		<pose>Unspecified</pose>
		<truncated>0</truncated>
		<difficult>0</difficult>
		<bndbox>
			<xmin>12</xmin>
			<ymin>34</ymin>
			<xmax>31</xmax>
			<ymax>74</ymax>
		</bndbox>
	</object>
	<object>
		<name>387</name>
		<pose>Unspecified</pose>
		<truncated>0</truncated>
		<difficult>0</difficult>
		<bndbox>
			<xmin>5</xmin>
			<ymin>3</ymin>
			<xmax>17</xmax>
			<ymax>75</ymax>
		</bndbox>
	</object>
</annotation>
