<annotation>
	<folder>59_radical_labelled_new</folder>
	<filename>oc_02_1_0147_1_7.jpg</filename>
	<path>D:\Learn Python\position relationgship\59_radical_labelled_new\oc_02_1_0147_1_7.jpg</path>
	<source>
		<database>Unknown</database>
	</source>
	<size>
		<width>111</width>
		<height>109</height>
		<depth>1</depth>
	</size>
	<segmented>0</segmented>
	<object>
		<name>111</name>
		<pose>Unspecified</pose>
		<truncated>0</truncated>
		<difficult>0</difficult>
		<bndbox>
			<xmin>13</xmin>
			<ymin>5</ymin>
			<xmax>107</xmax>
			<ymax>102</ymax>
		</bndbox>
	</object>
	<object>
		<name>307</name>
		<pose>Unspecified</pose>
		<truncated>0</truncated>
		<difficult>0</difficult>
		<bndbox>
			<xmin>3</xmin>
			<ymin>34</ymin>
			<xmax>49</xmax>
			<ymax>93</ymax>
		</bndbox>
	</object>
</annotation>
