<annotation>
	<folder>choose_oracle_images</folder>
	<filename>oc_02_1_0225_1_1.png</filename>
	<path>D:\Learn Python\position relationgship\choose_oracle_images\oc_02_1_0225_1_1.png</path>
	<source>
		<database>Unknown</database>
	</source>
	<size>
		<width>48</width>
		<height>71</height>
		<depth>1</depth>
	</size>
	<segmented>0</segmented>
	<object>
		<name>307</name>
		<pose>Unspecified</pose>
		<truncated>0</truncated>
		<difficult>0</difficult>
		<bndbox>
			<xmin>11</xmin>
			<ymin>37</ymin>
			<xmax>32</xmax>
			<ymax>69</ymax>
		</bndbox>
	</object>
	<object>
		<name>189</name>
		<pose>Unspecified</pose>
		<truncated>1</truncated>
		<difficult>0</difficult>
		<bndbox>
			<xmin>2</xmin>
			<ymin>1</ymin>
			<xmax>40</xmax>
			<ymax>57</ymax>
		</bndbox>
	</object>
</annotation>
