<annotation>
	<folder>02-李宇航</folder>
	<filename>oc_02_2_0284_1_2.png</filename>
	<path>C:\Users\Administrator\Desktop\02-李宇航\02-李宇航\oc_02_2_0284_1_2.png</path>
	<source>
		<database>Unknown</database>
	</source>
	<size>
		<width>61</width>
		<height>81</height>
		<depth>1</depth>
	</size>
	<segmented>0</segmented>
	<object>
		<name>026</name>
		<pose>Unspecified</pose>
		<truncated>0</truncated>
		<difficult>0</difficult>
		<bndbox>
			<xmin>7</xmin>
			<ymin>7</ymin>
			<xmax>56</xmax>
			<ymax>61</ymax>
		</bndbox>
	</object>
	<object>
		<name>307</name>
		<pose>Unspecified</pose>
		<truncated>0</truncated>
		<difficult>0</difficult>
		<bndbox>
			<xmin>18</xmin>
			<ymin>35</ymin>
			<xmax>48</xmax>
			<ymax>77</ymax>
		</bndbox>
	</object>
</annotation>
