<annotation>
	<folder>choose_oracle_images</folder>
	<filename>oc_01_1_0036_2_2.png</filename>
	<path>D:\Learn Python\position relationgship\choose_oracle_images\oc_01_1_0036_2_2.png</path>
	<source>
		<database>Unknown</database>
	</source>
	<size>
		<width>64</width>
		<height>125</height>
		<depth>1</depth>
	</size>
	<segmented>0</segmented>
	<object>
		<name>287</name>
		<pose>Unspecified</pose>
		<truncated>0</truncated>
		<difficult>0</difficult>
		<bndbox>
			<xmin>15</xmin>
			<ymin>8</ymin>
			<xmax>48</xmax>
			<ymax>58</ymax>
		</bndbox>
	</object>
	<object>
		<name>389</name>
		<pose>Unspecified</pose>
		<truncated>0</truncated>
		<difficult>0</difficult>
		<bndbox>
			<xmin>11</xmin>
			<ymin>59</ymin>
			<xmax>39</xmax>
			<ymax>119</ymax>
		</bndbox>
	</object>
	<object>
		<name>132</name>
		<pose>Unspecified</pose>
		<truncated>0</truncated>
		<difficult>0</difficult>
		<bndbox>
			<xmin>37</xmin>
			<ymin>59</ymin>
			<xmax>59</xmax>
			<ymax>120</ymax>
		</bndbox>
	</object>
</annotation>
