<annotation>
	<folder>02-李宇航</folder>
	<filename>oc_02_2_0301_1_1.png</filename>
	<path>C:\Users\Administrator\Desktop\02-李宇航\02-李宇航\oc_02_2_0301_1_1.png</path>
	<source>
		<database>Unknown</database>
	</source>
	<size>
		<width>50</width>
		<height>67</height>
		<depth>1</depth>
	</size>
	<segmented>0</segmented>
	<object>
		<name>468</name>
		<pose>Unspecified</pose>
		<truncated>1</truncated>
		<difficult>0</difficult>
		<bndbox>
			<xmin>6</xmin>
			<ymin>1</ymin>
			<xmax>39</xmax>
			<ymax>44</ymax>
		</bndbox>
	</object>
	<object>
		<name>134</name>
		<pose>Unspecified</pose>
		<truncated>0</truncated>
		<difficult>0</difficult>
		<bndbox>
			<xmin>2</xmin>
			<ymin>40</ymin>
			<xmax>45</xmax>
			<ymax>62</ymax>
		</bndbox>
	</object>
</annotation>
