<annotation>
	<folder>59_radical_labelled_new</folder>
	<filename>oc_03_1_0375_1_4.png</filename>
	<path>D:\Learn Python\position relationgship\59_radical_labelled_new\oc_03_1_0375_1_4.png</path>
	<source>
		<database>Unknown</database>
	</source>
	<size>
		<width>75</width>
		<height>124</height>
		<depth>1</depth>
	</size>
	<segmented>0</segmented>
	<object>
		<name>132</name>
		<pose>Unspecified</pose>
		<truncated>0</truncated>
		<difficult>0</difficult>
		<bndbox>
			<xmin>25</xmin>
			<ymin>26</ymin>
			<xmax>60</xmax>
			<ymax>110</ymax>
		</bndbox>
	</object>
	<object>
		<name>419</name>
		<pose>Unspecified</pose>
		<truncated>0</truncated>
		<difficult>0</difficult>
		<bndbox>
			<xmin>6</xmin>
			<ymin>5</ymin>
			<xmax>33</xmax>
			<ymax>109</ymax>
		</bndbox>
	</object>
</annotation>
