<annotation>
	<folder>59_radical_labelled_new</folder>
	<filename>oc_03_1_0375_1_10.png</filename>
	<path>D:\Learn Python\position relationgship\59_radical_labelled_new\oc_03_1_0375_1_10.png</path>
	<source>
		<database>Unknown</database>
	</source>
	<size>
		<width>117</width>
		<height>93</height>
		<depth>1</depth>
	</size>
	<segmented>0</segmented>
	<object>
		<name>419</name>
		<pose>Unspecified</pose>
		<truncated>0</truncated>
		<difficult>0</difficult>
		<bndbox>
			<xmin>5</xmin>
			<ymin>4</ymin>
			<xmax>61</xmax>
			<ymax>84</ymax>
		</bndbox>
	</object>
	<object>
		<name>132</name>
		<pose>Unspecified</pose>
		<truncated>0</truncated>
		<difficult>0</difficult>
		<bndbox>
			<xmin>59</xmin>
			<ymin>16</ymin>
			<xmax>110</xmax>
			<ymax>86</ymax>
		</bndbox>
	</object>
</annotation>
