<annotation>
	<folder>02-李宇航</folder>
	<filename>oc_02_2_0286_1_5.png</filename>
	<path>C:\Users\Administrator\Desktop\02-李宇航\02-李宇航\oc_02_2_0286_1_5.png</path>
	<source>
		<database>Unknown</database>
	</source>
	<size>
		<width>65</width>
		<height>124</height>
		<depth>1</depth>
	</size>
	<segmented>0</segmented>
	<object>
		<name>307</name>
		<pose>Unspecified</pose>
		<truncated>0</truncated>
		<difficult>0</difficult>
		<bndbox>
			<xmin>6</xmin>
			<ymin>61</ymin>
			<xmax>54</xmax>
			<ymax>121</ymax>
		</bndbox>
	</object>
	<object>
		<name>154</name>
		<pose>Unspecified</pose>
		<truncated>0</truncated>
		<difficult>0</difficult>
		<bndbox>
			<xmin>8</xmin>
			<ymin>5</ymin>
			<xmax>60</xmax>
			<ymax>77</ymax>
		</bndbox>
	</object>
</annotation>
