<annotation>
	<folder>02-李宇航</folder>
	<filename>oc_03_1_0372_1_9.png</filename>
	<path>C:\Users\Administrator\Desktop\02-李宇航\02-李宇航\oc_03_1_0372_1_9.png</path>
	<source>
		<database>Unknown</database>
	</source>
	<size>
		<width>141</width>
		<height>45</height>
		<depth>1</depth>
	</size>
	<segmented>0</segmented>
	<object>
		<name>132</name>
		<pose>Unspecified</pose>
		<truncated>1</truncated>
		<difficult>0</difficult>
		<bndbox>
			<xmin>23</xmin>
			<ymin>1</ymin>
			<xmax>77</xmax>
			<ymax>41</ymax>
		</bndbox>
	</object>
	<object>
		<name>132</name>
		<pose>Unspecified</pose>
		<truncated>1</truncated>
		<difficult>0</difficult>
		<bndbox>
			<xmin>74</xmin>
			<ymin>1</ymin>
			<xmax>130</xmax>
			<ymax>43</ymax>
		</bndbox>
	</object>
</annotation>
