<annotation>
	<folder>03-吴磊</folder>
	<filename>oc_03_1_0379_1_3.png</filename>
	<path>D:\xdd\BaiduNetdiskDownload\03-吴磊\oc_03_1_0379_1_3.png</path>
	<source>
		<database>Unknown</database>
	</source>
	<size>
		<width>77</width>
		<height>111</height>
		<depth>1</depth>
	</size>
	<segmented>0</segmented>
	<object>
		<name>287</name>
		<pose>Unspecified</pose>
		<truncated>0</truncated>
		<difficult>0</difficult>
		<bndbox>
			<xmin>32</xmin>
			<ymin>7</ymin>
			<xmax>52</xmax>
			<ymax>48</ymax>
		</bndbox>
	</object>
	<object>
		<name>132</name>
		<pose>Unspecified</pose>
		<truncated>0</truncated>
		<difficult>0</difficult>
		<bndbox>
			<xmin>49</xmin>
			<ymin>20</ymin>
			<xmax>61</xmax>
			<ymax>49</ymax>
		</bndbox>
	</object>
	<object>
		<name>132</name>
		<pose>Unspecified</pose>
		<truncated>0</truncated>
		<difficult>0</difficult>
		<bndbox>
			<xmin>22</xmin>
			<ymin>19</ymin>
			<xmax>43</xmax>
			<ymax>37</ymax>
		</bndbox>
	</object>
	<object>
		<name>154</name>
		<pose>Unspecified</pose>
		<truncated>0</truncated>
		<difficult>0</difficult>
		<bndbox>
			<xmin>6</xmin>
			<ymin>48</ymin>
			<xmax>58</xmax>
			<ymax>104</ymax>
		</bndbox>
	</object>
</annotation>
