<annotation>
	<folder>01-李沿增</folder>
	<filename>oc_01_1_0053_2_1.png</filename>
	<path>D:\古文字\古文字\01-李沿增\oc_01_1_0053_2_1.png</path>
	<source>
		<database>Unknown</database>
	</source>
	<size>
		<width>107</width>
		<height>106</height>
		<depth>1</depth>
	</size>
	<segmented>0</segmented>
	<object>
		<name>334</name>
		<pose>Unspecified</pose>
		<truncated>0</truncated>
		<difficult>0</difficult>
		<bndbox>
			<xmin>44</xmin>
			<ymin>13</ymin>
			<xmax>98</xmax>
			<ymax>96</ymax>
		</bndbox>
	</object>
	<object>
		<name>149</name>
		<pose>Unspecified</pose>
		<truncated>0</truncated>
		<difficult>0</difficult>
		<bndbox>
			<xmin>7</xmin>
			<ymin>13</ymin>
			<xmax>44</xmax>
			<ymax>88</ymax>
		</bndbox>
	</object>
</annotation>
