<annotation>
	<folder>59_radical_labelled_new</folder>
	<filename>oc_02_1_0148_1_2.jpg</filename>
	<path>D:\Learn Python\position relationgship\59_radical_labelled_new\oc_02_1_0148_1_2.jpg</path>
	<source>
		<database>Unknown</database>
	</source>
	<size>
		<width>69</width>
		<height>124</height>
		<depth>1</depth>
	</size>
	<segmented>0</segmented>
	<object>
		<name>307</name>
		<pose>Unspecified</pose>
		<truncated>0</truncated>
		<difficult>0</difficult>
		<bndbox>
			<xmin>19</xmin>
			<ymin>72</ymin>
			<xmax>65</xmax>
			<ymax>116</ymax>
		</bndbox>
	</object>
	<object>
		<name>307</name>
		<pose>Unspecified</pose>
		<truncated>0</truncated>
		<difficult>0</difficult>
		<bndbox>
			<xmin>15</xmin>
			<ymin>15</ymin>
			<xmax>48</xmax>
			<ymax>70</ymax>
		</bndbox>
	</object>
</annotation>
