<annotation>
	<folder>02-李宇航</folder>
	<filename>oc_02_1_0231_1_2.png</filename>
	<path>C:\Users\wml\Desktop\02-李宇航\02-李宇航\oc_02_1_0231_1_2.png</path>
	<source>
		<database>Unknown</database>
	</source>
	<size>
		<width>79</width>
		<height>108</height>
		<depth>1</depth>
	</size>
	<segmented>0</segmented>
	<object>
		<name>247</name>
		<pose>Unspecified</pose>
		<truncated>0</truncated>
		<difficult>0</difficult>
		<bndbox>
			<xmin>3</xmin>
			<ymin>7</ymin>
			<xmax>35</xmax>
			<ymax>89</ymax>
		</bndbox>
	</object>
	<object>
		<name>307</name>
		<pose>Unspecified</pose>
		<truncated>0</truncated>
		<difficult>0</difficult>
		<bndbox>
			<xmin>34</xmin>
			<ymin>13</ymin>
			<xmax>76</xmax>
			<ymax>72</ymax>
		</bndbox>
	</object>
	<object>
		<name>134</name>
		<pose>Unspecified</pose>
		<truncated>0</truncated>
		<difficult>0</difficult>
		<bndbox>
			<xmin>36</xmin>
			<ymin>72</ymin>
			<xmax>75</xmax>
			<ymax>105</ymax>
		</bndbox>
	</object>
</annotation>
