<annotation>
	<folder>02-李宇航</folder>
	<filename>oc_03_1_0372_1_8.png</filename>
	<path>C:\Users\Administrator\Desktop\02-李宇航\02-李宇航\oc_03_1_0372_1_8.png</path>
	<source>
		<database>Unknown</database>
	</source>
	<size>
		<width>96</width>
		<height>114</height>
		<depth>1</depth>
	</size>
	<segmented>0</segmented>
	<object>
		<name>132</name>
		<pose>Unspecified</pose>
		<truncated>0</truncated>
		<difficult>0</difficult>
		<bndbox>
			<xmin>9</xmin>
			<ymin>6</ymin>
			<xmax>49</xmax>
			<ymax>103</ymax>
		</bndbox>
	</object>
	<object>
		<name>132</name>
		<pose>Unspecified</pose>
		<truncated>0</truncated>
		<difficult>0</difficult>
		<bndbox>
			<xmin>61</xmin>
			<ymin>10</ymin>
			<xmax>88</xmax>
			<ymax>98</ymax>
		</bndbox>
	</object>
</annotation>
