<annotation>
	<folder>choose_oracle_images</folder>
	<filename>oc_01_1_0033_1_2.png</filename>
	<path>D:\Learn Python\position relationgship\choose_oracle_images\oc_01_1_0033_1_2.png</path>
	<source>
		<database>Unknown</database>
	</source>
	<size>
		<width>86</width>
		<height>123</height>
		<depth>1</depth>
	</size>
	<segmented>0</segmented>
	<object>
		<name>389</name>
		<pose>Unspecified</pose>
		<truncated>0</truncated>
		<difficult>0</difficult>
		<bndbox>
			<xmin>12</xmin>
			<ymin>43</ymin>
			<xmax>49</xmax>
			<ymax>115</ymax>
		</bndbox>
	</object>
	<object>
		<name>132</name>
		<pose>Unspecified</pose>
		<truncated>0</truncated>
		<difficult>0</difficult>
		<bndbox>
			<xmin>27</xmin>
			<ymin>9</ymin>
			<xmax>74</xmax>
			<ymax>60</ymax>
		</bndbox>
	</object>
</annotation>
