<annotation>
	<folder>choose_oracle_images</folder>
	<filename>oc_02_1_0084_1_2.png</filename>
	<path>D:\Learn Python\position relationgship\choose_oracle_images\oc_02_1_0084_1_2.png</path>
	<source>
		<database>Unknown</database>
	</source>
	<size>
		<width>88</width>
		<height>107</height>
		<depth>1</depth>
	</size>
	<segmented>0</segmented>
	<object>
		<name>247</name>
		<pose>Unspecified</pose>
		<truncated>0</truncated>
		<difficult>0</difficult>
		<bndbox>
			<xmin>13</xmin>
			<ymin>40</ymin>
			<xmax>84</xmax>
			<ymax>82</ymax>
		</bndbox>
	</object>
	<object>
		<name>173</name>
		<pose>Unspecified</pose>
		<truncated>0</truncated>
		<difficult>0</difficult>
		<bndbox>
			<xmin>19</xmin>
			<ymin>6</ymin>
			<xmax>70</xmax>
			<ymax>41</ymax>
		</bndbox>
	</object>
</annotation>
