<annotation>
	<folder>01-李沿增</folder>
	<filename>oc_01_2_0079_3_2.png</filename>
	<path>D:\古文字\古文字\01-李沿增\oc_01_2_0079_3_2.png</path>
	<source>
		<database>Unknown</database>
	</source>
	<size>
		<width>93</width>
		<height>133</height>
		<depth>1</depth>
	</size>
	<segmented>0</segmented>
	<object>
		<name>389</name>
		<pose>Unspecified</pose>
		<truncated>0</truncated>
		<difficult>0</difficult>
		<bndbox>
			<xmin>10</xmin>
			<ymin>74</ymin>
			<xmax>69</xmax>
			<ymax>125</ymax>
		</bndbox>
	</object>
	<object>
		<name>234</name>
		<pose>Unspecified</pose>
		<truncated>0</truncated>
		<difficult>0</difficult>
		<bndbox>
			<xmin>11</xmin>
			<ymin>10</ymin>
			<xmax>86</xmax>
			<ymax>69</ymax>
		</bndbox>
	</object>
</annotation>
