<annotation>
	<folder>59_radical_labelled_new</folder>
	<filename>oc_01_1_0036_1_4.jpg</filename>
	<path>D:\Learn Python\position relationgship\59_radical_labelled_new\oc_01_1_0036_1_4.jpg</path>
	<source>
		<database>Unknown</database>
	</source>
	<size>
		<width>73</width>
		<height>135</height>
		<depth>1</depth>
	</size>
	<segmented>0</segmented>
	<object>
		<name>389</name>
		<pose>Unspecified</pose>
		<truncated>0</truncated>
		<difficult>0</difficult>
		<bndbox>
			<xmin>11</xmin>
			<ymin>43</ymin>
			<xmax>65</xmax>
			<ymax>131</ymax>
		</bndbox>
	</object>
	<object>
		<name>287</name>
		<pose>Unspecified</pose>
		<truncated>0</truncated>
		<difficult>0</difficult>
		<bndbox>
			<xmin>11</xmin>
			<ymin>3</ymin>
			<xmax>65</xmax>
			<ymax>40</ymax>
		</bndbox>
	</object>
</annotation>
