<annotation>
	<folder>03-吴磊</folder>
	<filename>oc_03_1_0386_1_4.png</filename>
	<path>D:\xdd\BaiduNetdiskDownload\03-吴磊\oc_03_1_0386_1_4.png</path>
	<source>
		<database>Unknown</database>
	</source>
	<size>
		<width>73</width>
		<height>122</height>
		<depth>1</depth>
	</size>
	<segmented>0</segmented>
	<object>
		<name>132</name>
		<pose>Unspecified</pose>
		<truncated>0</truncated>
		<difficult>0</difficult>
		<bndbox>
			<xmin>36</xmin>
			<ymin>78</ymin>
			<xmax>70</xmax>
			<ymax>112</ymax>
		</bndbox>
	</object>
	<object>
		<name>327</name>
		<pose>Unspecified</pose>
		<truncated>0</truncated>
		<difficult>0</difficult>
		<bndbox>
			<xmin>40</xmin>
			<ymin>9</ymin>
			<xmax>65</xmax>
			<ymax>50</ymax>
		</bndbox>
	</object>
	<object>
		<name>334</name>
		<pose>Unspecified</pose>
		<truncated>0</truncated>
		<difficult>0</difficult>
		<bndbox>
			<xmin>6</xmin>
			<ymin>23</ymin>
			<xmax>40</xmax>
			<ymax>98</ymax>
		</bndbox>
	</object>
</annotation>
