<annotation>
	<folder>choose_oracle_images</folder>
	<filename>oc_01_1_0037_1_3.png</filename>
	<path>D:\Learn Python\position relationgship\choose_oracle_images\oc_01_1_0037_1_3.png</path>
	<source>
		<database>Unknown</database>
	</source>
	<size>
		<width>92</width>
		<height>121</height>
		<depth>1</depth>
	</size>
	<segmented>0</segmented>
	<object>
		<name>132</name>
		<pose>Unspecified</pose>
		<truncated>0</truncated>
		<difficult>0</difficult>
		<bndbox>
			<xmin>55</xmin>
			<ymin>16</ymin>
			<xmax>78</xmax>
			<ymax>107</ymax>
		</bndbox>
	</object>
	<object>
		<name>421</name>
		<pose>Unspecified</pose>
		<truncated>0</truncated>
		<difficult>0</difficult>
		<bndbox>
			<xmin>8</xmin>
			<ymin>42</ymin>
			<xmax>48</xmax>
			<ymax>94</ymax>
		</bndbox>
	</object>
</annotation>
