<annotation>
	<folder>03-吴磊</folder>
	<filename>oc_03_1_0411_3_1.png</filename>
	<path>D:\xdd\BaiduNetdiskDownload\03-吴磊\oc_03_1_0411_3_1.png</path>
	<source>
		<database>Unknown</database>
	</source>
	<size>
		<width>85</width>
		<height>125</height>
		<depth>1</depth>
	</size>
	<segmented>0</segmented>
	<object>
		<name>323</name>
		<pose>Unspecified</pose>
		<truncated>0</truncated>
		<difficult>0</difficult>
		<bndbox>
			<xmin>39</xmin>
			<ymin>4</ymin>
			<xmax>62</xmax>
			<ymax>28</ymax>
		</bndbox>
	</object>
	<object>
		<name>323</name>
		<pose>Unspecified</pose>
		<truncated>0</truncated>
		<difficult>0</difficult>
		<bndbox>
			<xmin>7</xmin>
			<ymin>49</ymin>
			<xmax>29</xmax>
			<ymax>82</ymax>
		</bndbox>
	</object>
	<object>
		<name>323</name>
		<pose>Unspecified</pose>
		<truncated>0</truncated>
		<difficult>0</difficult>
		<bndbox>
			<xmin>49</xmin>
			<ymin>50</ymin>
			<xmax>81</xmax>
			<ymax>91</ymax>
		</bndbox>
	</object>
	<object>
		<name>269</name>
		<pose>Unspecified</pose>
		<truncated>0</truncated>
		<difficult>0</difficult>
		<bndbox>
			<xmin>29</xmin>
			<ymin>29</ymin>
			<xmax>51</xmax>
			<ymax>119</ymax>
		</bndbox>
	</object>
</annotation>
