<annotation>
	<folder>02-李宇航</folder>
	<filename>oc_03_1_0364_1_4.png</filename>
	<path>C:\Users\Administrator\Desktop\02-李宇航\02-李宇航\oc_03_1_0364_1_4.png</path>
	<source>
		<database>Unknown</database>
	</source>
	<size>
		<width>82</width>
		<height>132</height>
		<depth>1</depth>
	</size>
	<segmented>0</segmented>
	<object>
		<name>274</name>
		<pose>Unspecified</pose>
		<truncated>0</truncated>
		<difficult>0</difficult>
		<bndbox>
			<xmin>16</xmin>
			<ymin>24</ymin>
			<xmax>57</xmax>
			<ymax>48</ymax>
		</bndbox>
	</object>
	<object>
		<name>234</name>
		<pose>Unspecified</pose>
		<truncated>0</truncated>
		<difficult>0</difficult>
		<bndbox>
			<xmin>22</xmin>
			<ymin>64</ymin>
			<xmax>49</xmax>
			<ymax>106</ymax>
		</bndbox>
	</object>
	<object>
		<name>234</name>
		<pose>Unspecified</pose>
		<truncated>0</truncated>
		<difficult>0</difficult>
		<bndbox>
			<xmin>42</xmin>
			<ymin>49</ymin>
			<xmax>70</xmax>
			<ymax>115</ymax>
		</bndbox>
	</object>
</annotation>
