<annotation>
	<folder>59_radical_labelled_new</folder>
	<filename>oc_01_1_0050_3_2.png</filename>
	<path>D:\Learn Python\position relationgship\59_radical_labelled_new\oc_01_1_0050_3_2.png</path>
	<source>
		<database>Unknown</database>
	</source>
	<size>
		<width>93</width>
		<height>125</height>
		<depth>1</depth>
	</size>
	<segmented>0</segmented>
	<object>
		<name>277</name>
		<pose>Unspecified</pose>
		<truncated>0</truncated>
		<difficult>0</difficult>
		<bndbox>
			<xmin>13</xmin>
			<ymin>77</ymin>
			<xmax>78</xmax>
			<ymax>118</ymax>
		</bndbox>
	</object>
	<object>
		<name>287</name>
		<pose>Unspecified</pose>
		<truncated>0</truncated>
		<difficult>0</difficult>
		<bndbox>
			<xmin>15</xmin>
			<ymin>12</ymin>
			<xmax>46</xmax>
			<ymax>63</ymax>
		</bndbox>
	</object>
	<object>
		<name>287</name>
		<pose>Unspecified</pose>
		<truncated>0</truncated>
		<difficult>0</difficult>
		<bndbox>
			<xmin>46</xmin>
			<ymin>11</ymin>
			<xmax>83</xmax>
			<ymax>68</ymax>
		</bndbox>
	</object>
</annotation>
