<annotation>
	<folder>02-李宇航</folder>
	<filename>oc_02_1_0198_1_3.png</filename>
	<path>C:\Users\wml\Desktop\02-李宇航\02-李宇航\oc_02_1_0198_1_3.png</path>
	<source>
		<database>Unknown</database>
	</source>
	<size>
		<width>127</width>
		<height>107</height>
		<depth>1</depth>
	</size>
	<segmented>0</segmented>
	<object>
		<name>004</name>
		<pose>Unspecified</pose>
		<truncated>0</truncated>
		<difficult>0</difficult>
		<bndbox>
			<xmin>45</xmin>
			<ymin>3</ymin>
			<xmax>95</xmax>
			<ymax>99</ymax>
		</bndbox>
	</object>
	<object>
		<name>132</name>
		<pose>Unspecified</pose>
		<truncated>0</truncated>
		<difficult>0</difficult>
		<bndbox>
			<xmin>7</xmin>
			<ymin>23</ymin>
			<xmax>44</xmax>
			<ymax>52</ymax>
		</bndbox>
	</object>
	<object>
		<name>132</name>
		<pose>Unspecified</pose>
		<truncated>0</truncated>
		<difficult>0</difficult>
		<bndbox>
			<xmin>97</xmin>
			<ymin>30</ymin>
			<xmax>120</xmax>
			<ymax>97</ymax>
		</bndbox>
	</object>
</annotation>
