<annotation>
	<folder>59_radical_labelled_new</folder>
	<filename>oc_01_1_0036_1_3.jpg</filename>
	<path>D:\Learn Python\position relationgship\59_radical_labelled_new\oc_01_1_0036_1_3.jpg</path>
	<source>
		<database>Unknown</database>
	</source>
	<size>
		<width>81</width>
		<height>127</height>
		<depth>1</depth>
	</size>
	<segmented>0</segmented>
	<object>
		<name>389</name>
		<pose>Unspecified</pose>
		<truncated>0</truncated>
		<difficult>0</difficult>
		<bndbox>
			<xmin>7</xmin>
			<ymin>48</ymin>
			<xmax>70</xmax>
			<ymax>123</ymax>
		</bndbox>
	</object>
	<object>
		<name>287</name>
		<pose>Unspecified</pose>
		<truncated>0</truncated>
		<difficult>0</difficult>
		<bndbox>
			<xmin>7</xmin>
			<ymin>7</ymin>
			<xmax>76</xmax>
			<ymax>38</ymax>
		</bndbox>
	</object>
</annotation>
