<annotation>
	<folder>choose_oracle_images</folder>
	<filename>oc_01_1_0045_1_6.png</filename>
	<path>D:\Learn Python\position relationgship\choose_oracle_images\oc_01_1_0045_1_6.png</path>
	<source>
		<database>Unknown</database>
	</source>
	<size>
		<width>60</width>
		<height>133</height>
		<depth>1</depth>
	</size>
	<segmented>0</segmented>
	<object>
		<name>132</name>
		<pose>Unspecified</pose>
		<truncated>0</truncated>
		<difficult>0</difficult>
		<bndbox>
			<xmin>14</xmin>
			<ymin>13</ymin>
			<xmax>49</xmax>
			<ymax>131</ymax>
		</bndbox>
	</object>
	<object>
		<name>206</name>
		<pose>Unspecified</pose>
		<truncated>0</truncated>
		<difficult>0</difficult>
		<bndbox>
			<xmin>6</xmin>
			<ymin>54</ymin>
			<xmax>23</xmax>
			<ymax>86</ymax>
		</bndbox>
	</object>
	<object>
		<name>206</name>
		<pose>Unspecified</pose>
		<truncated>0</truncated>
		<difficult>0</difficult>
		<bndbox>
			<xmin>9</xmin>
			<ymin>8</ymin>
			<xmax>27</xmax>
			<ymax>33</ymax>
		</bndbox>
	</object>
</annotation>
