<annotation>
	<folder>59_radical_labelled_new</folder>
	<filename>oc_01_1_0033_1_8.jpg</filename>
	<path>D:\Learn Python\position relationgship\59_radical_labelled_new\oc_01_1_0033_1_8.jpg</path>
	<source>
		<database>Unknown</database>
	</source>
	<size>
		<width>93</width>
		<height>123</height>
		<depth>1</depth>
	</size>
	<segmented>0</segmented>
	<object>
		<name>389</name>
		<pose>Unspecified</pose>
		<truncated>0</truncated>
		<difficult>0</difficult>
		<bndbox>
			<xmin>20</xmin>
			<ymin>37</ymin>
			<xmax>58</xmax>
			<ymax>115</ymax>
		</bndbox>
	</object>
	<object>
		<name>132</name>
		<pose>Unspecified</pose>
		<truncated>0</truncated>
		<difficult>0</difficult>
		<bndbox>
			<xmin>25</xmin>
			<ymin>4</ymin>
			<xmax>84</xmax>
			<ymax>99</ymax>
		</bndbox>
	</object>
</annotation>
