<annotation>
	<folder>03-吴磊</folder>
	<filename>oc_03_1_0408_1_6.png</filename>
	<path>D:\xdd\BaiduNetdiskDownload\03-吴磊\oc_03_1_0408_1_6.png</path>
	<source>
		<database>Unknown</database>
	</source>
	<size>
		<width>88</width>
		<height>125</height>
		<depth>1</depth>
	</size>
	<segmented>0</segmented>
	<object>
		<name>379</name>
		<pose>Unspecified</pose>
		<truncated>0</truncated>
		<difficult>0</difficult>
		<bndbox>
			<xmin>3</xmin>
			<ymin>42</ymin>
			<xmax>85</xmax>
			<ymax>103</ymax>
		</bndbox>
	</object>
	<object>
		<name>132</name>
		<pose>Unspecified</pose>
		<truncated>0</truncated>
		<difficult>0</difficult>
		<bndbox>
			<xmin>17</xmin>
			<ymin>86</ymin>
			<xmax>65</xmax>
			<ymax>123</ymax>
		</bndbox>
	</object>
	<object>
		<name>327</name>
		<pose>Unspecified</pose>
		<truncated>0</truncated>
		<difficult>0</difficult>
		<bndbox>
			<xmin>34</xmin>
			<ymin>8</ymin>
			<xmax>80</xmax>
			<ymax>44</ymax>
		</bndbox>
	</object>
</annotation>
