<annotation>
	<folder>59_radical_labelled_new</folder>
	<filename>oc_02_1_0153_2_1.jpg</filename>
	<path>D:\Learn Python\position relationgship\59_radical_labelled_new\oc_02_1_0153_2_1.jpg</path>
	<source>
		<database>Unknown</database>
	</source>
	<size>
		<width>77</width>
		<height>124</height>
		<depth>1</depth>
	</size>
	<segmented>0</segmented>
	<object>
		<name>408</name>
		<pose>Unspecified</pose>
		<truncated>0</truncated>
		<difficult>0</difficult>
		<bndbox>
			<xmin>14</xmin>
			<ymin>22</ymin>
			<xmax>53</xmax>
			<ymax>119</ymax>
		</bndbox>
	</object>
	<object>
		<name>111</name>
		<pose>Unspecified</pose>
		<truncated>0</truncated>
		<difficult>0</difficult>
		<bndbox>
			<xmin>50</xmin>
			<ymin>28</ymin>
			<xmax>73</xmax>
			<ymax>111</ymax>
		</bndbox>
	</object>
</annotation>
