<annotation>
	<folder>choose_oracle_images</folder>
	<filename>oc_01_1_0033_2_3.png</filename>
	<path>D:\Learn Python\position relationgship\choose_oracle_images\oc_01_1_0033_2_3.png</path>
	<source>
		<database>Unknown</database>
	</source>
	<size>
		<width>101</width>
		<height>106</height>
		<depth>1</depth>
	</size>
	<segmented>0</segmented>
	<object>
		<name>389</name>
		<pose>Unspecified</pose>
		<truncated>0</truncated>
		<difficult>0</difficult>
		<bndbox>
			<xmin>34</xmin>
			<ymin>4</ymin>
			<xmax>73</xmax>
			<ymax>101</ymax>
		</bndbox>
	</object>
	<object>
		<name>132</name>
		<pose>Unspecified</pose>
		<truncated>0</truncated>
		<difficult>0</difficult>
		<bndbox>
			<xmin>6</xmin>
			<ymin>20</ymin>
			<xmax>34</xmax>
			<ymax>78</ymax>
		</bndbox>
	</object>
	<object>
		<name>132</name>
		<pose>Unspecified</pose>
		<truncated>0</truncated>
		<difficult>0</difficult>
		<bndbox>
			<xmin>66</xmin>
			<ymin>18</ymin>
			<xmax>90</xmax>
			<ymax>75</ymax>
		</bndbox>
	</object>
</annotation>
