<annotation>
	<folder>03-吴磊</folder>
	<filename>oc_03_1_0397_1_5.png</filename>
	<path>D:\xdd\BaiduNetdiskDownload\03-吴磊\oc_03_1_0397_1_5.png</path>
	<source>
		<database>Unknown</database>
	</source>
	<size>
		<width>107</width>
		<height>125</height>
		<depth>1</depth>
	</size>
	<segmented>0</segmented>
	<object>
		<name>062</name>
		<pose>Unspecified</pose>
		<truncated>0</truncated>
		<difficult>0</difficult>
		<bndbox>
			<xmin>5</xmin>
			<ymin>7</ymin>
			<xmax>56</xmax>
			<ymax>119</ymax>
		</bndbox>
	</object>
	<object>
		<name>269</name>
		<pose>Unspecified</pose>
		<truncated>0</truncated>
		<difficult>0</difficult>
		<bndbox>
			<xmin>60</xmin>
			<ymin>15</ymin>
			<xmax>99</xmax>
			<ymax>105</ymax>
		</bndbox>
	</object>
</annotation>
