<annotation>
	<folder>choose_oracle_images</folder>
	<filename>oc_02_1_0210_1_2.png</filename>
	<path>D:\Learn Python\position relationgship\choose_oracle_images\oc_02_1_0210_1_2.png</path>
	<source>
		<database>Unknown</database>
	</source>
	<size>
		<width>65</width>
		<height>126</height>
		<depth>1</depth>
	</size>
	<segmented>0</segmented>
	<object>
		<name>247</name>
		<pose>Unspecified</pose>
		<truncated>0</truncated>
		<difficult>0</difficult>
		<bndbox>
			<xmin>6</xmin>
			<ymin>4</ymin>
			<xmax>26</xmax>
			<ymax>82</ymax>
		</bndbox>
	</object>
	<object>
		<name>164</name>
		<pose>Unspecified</pose>
		<truncated>0</truncated>
		<difficult>0</difficult>
		<bndbox>
			<xmin>32</xmin>
			<ymin>10</ymin>
			<xmax>63</xmax>
			<ymax>68</ymax>
		</bndbox>
	</object>
	<object>
		<name>134</name>
		<pose>Unspecified</pose>
		<truncated>0</truncated>
		<difficult>0</difficult>
		<bndbox>
			<xmin>32</xmin>
			<ymin>88</ymin>
			<xmax>64</xmax>
			<ymax>121</ymax>
		</bndbox>
	</object>
</annotation>
