<annotation>
	<folder>59_radical_labelled_new</folder>
	<filename>oc_02_2_0284_1_9.png</filename>
	<path>D:\Learn Python\position relationgship\59_radical_labelled_new\oc_02_2_0284_1_9.png</path>
	<source>
		<database>Unknown</database>
	</source>
	<size>
		<width>56</width>
		<height>95</height>
		<depth>1</depth>
	</size>
	<segmented>0</segmented>
	<object>
		<name>026</name>
		<pose>Unspecified</pose>
		<truncated>1</truncated>
		<difficult>0</difficult>
		<bndbox>
			<xmin>1</xmin>
			<ymin>2</ymin>
			<xmax>52</xmax>
			<ymax>60</ymax>
		</bndbox>
	</object>
	<object>
		<name>307</name>
		<pose>Unspecified</pose>
		<truncated>0</truncated>
		<difficult>0</difficult>
		<bndbox>
			<xmin>12</xmin>
			<ymin>62</ymin>
			<xmax>36</xmax>
			<ymax>91</ymax>
		</bndbox>
	</object>
</annotation>
