<annotation>
	<folder>choose_oracle_images</folder>
	<filename>oc_02_1_0127_1_7.png</filename>
	<path>D:\Learn Python\position relationgship\choose_oracle_images\oc_02_1_0127_1_7.png</path>
	<source>
		<database>Unknown</database>
	</source>
	<size>
		<width>85</width>
		<height>123</height>
		<depth>1</depth>
	</size>
	<segmented>0</segmented>
	<object>
		<name>307</name>
		<pose>Unspecified</pose>
		<truncated>0</truncated>
		<difficult>0</difficult>
		<bndbox>
			<xmin>33</xmin>
			<ymin>24</ymin>
			<xmax>77</xmax>
			<ymax>72</ymax>
		</bndbox>
	</object>
	<object>
		<name>247</name>
		<pose>Unspecified</pose>
		<truncated>0</truncated>
		<difficult>0</difficult>
		<bndbox>
			<xmin>13</xmin>
			<ymin>13</ymin>
			<xmax>45</xmax>
			<ymax>113</ymax>
		</bndbox>
	</object>
</annotation>
