<annotation>
	<folder>59_radical_labelled_new</folder>
	<filename>oc_02_1_0139_1_4.jpg</filename>
	<path>D:\Learn Python\position relationgship\59_radical_labelled_new\oc_02_1_0139_1_4.jpg</path>
	<source>
		<database>Unknown</database>
	</source>
	<size>
		<width>73</width>
		<height>114</height>
		<depth>1</depth>
	</size>
	<segmented>0</segmented>
	<object>
		<name>252</name>
		<pose>Unspecified</pose>
		<truncated>0</truncated>
		<difficult>0</difficult>
		<bndbox>
			<xmin>3</xmin>
			<ymin>36</ymin>
			<xmax>65</xmax>
			<ymax>111</ymax>
		</bndbox>
	</object>
	<object>
		<name>134</name>
		<pose>Unspecified</pose>
		<truncated>0</truncated>
		<difficult>0</difficult>
		<bndbox>
			<xmin>39</xmin>
			<ymin>59</ymin>
			<xmax>66</xmax>
			<ymax>91</ymax>
		</bndbox>
	</object>
</annotation>
