<annotation>
	<folder>01-李沿增</folder>
	<filename>oc_02_1_0148_1_1.png</filename>
	<path>D:\古文字\古文字\01-李沿增\oc_02_1_0148_1_1.png</path>
	<source>
		<database>Unknown</database>
	</source>
	<size>
		<width>104</width>
		<height>114</height>
		<depth>1</depth>
	</size>
	<segmented>0</segmented>
	<object>
		<name>307</name>
		<pose>Unspecified</pose>
		<truncated>0</truncated>
		<difficult>0</difficult>
		<bndbox>
			<xmin>6</xmin>
			<ymin>5</ymin>
			<xmax>57</xmax>
			<ymax>77</ymax>
		</bndbox>
	</object>
	<object>
		<name>307</name>
		<pose>Unspecified</pose>
		<truncated>1</truncated>
		<difficult>0</difficult>
		<bndbox>
			<xmin>57</xmin>
			<ymin>50</ymin>
			<xmax>104</xmax>
			<ymax>107</ymax>
		</bndbox>
	</object>
</annotation>
