<annotation>
	<folder>01-李沿增</folder>
	<filename>oc_02_1_0098_1_10.png</filename>
	<path>D:\古文字\古文字\01-李沿增\oc_02_1_0098_1_10.png</path>
	<source>
		<database>Unknown</database>
	</source>
	<size>
		<width>60</width>
		<height>124</height>
		<depth>1</depth>
	</size>
	<segmented>0</segmented>
	<object>
		<name>134</name>
		<pose>Unspecified</pose>
		<truncated>0</truncated>
		<difficult>0</difficult>
		<bndbox>
			<xmin>6</xmin>
			<ymin>73</ymin>
			<xmax>57</xmax>
			<ymax>119</ymax>
		</bndbox>
	</object>
	<object>
		<name>164</name>
		<pose>Unspecified</pose>
		<truncated>0</truncated>
		<difficult>0</difficult>
		<bndbox>
			<xmin>7</xmin>
			<ymin>8</ymin>
			<xmax>59</xmax>
			<ymax>67</ymax>
		</bndbox>
	</object>
</annotation>
