<annotation>
	<folder>choose_oracle_images</folder>
	<filename>oc_01_1_0037_1_2.png</filename>
	<path>D:\Learn Python\position relationgship\choose_oracle_images\oc_01_1_0037_1_2.png</path>
	<source>
		<database>Unknown</database>
	</source>
	<size>
		<width>84</width>
		<height>98</height>
		<depth>1</depth>
	</size>
	<segmented>0</segmented>
	<object>
		<name>132</name>
		<pose>Unspecified</pose>
		<truncated>0</truncated>
		<difficult>0</difficult>
		<bndbox>
			<xmin>47</xmin>
			<ymin>13</ymin>
			<xmax>75</xmax>
			<ymax>89</ymax>
		</bndbox>
	</object>
	<object>
		<name>421</name>
		<pose>Unspecified</pose>
		<truncated>0</truncated>
		<difficult>0</difficult>
		<bndbox>
			<xmin>12</xmin>
			<ymin>16</ymin>
			<xmax>49</xmax>
			<ymax>64</ymax>
		</bndbox>
	</object>
</annotation>
