<annotation>
	<folder>choose_oracle_images</folder>
	<filename>oc_02_1_0165_2_1.png</filename>
	<path>D:\Learn Python\position relationgship\choose_oracle_images\oc_02_1_0165_2_1.png</path>
	<source>
		<database>Unknown</database>
	</source>
	<size>
		<width>51</width>
		<height>78</height>
		<depth>1</depth>
	</size>
	<segmented>0</segmented>
	<object>
		<name>132</name>
		<pose>Unspecified</pose>
		<truncated>0</truncated>
		<difficult>0</difficult>
		<bndbox>
			<xmin>20</xmin>
			<ymin>26</ymin>
			<xmax>33</xmax>
			<ymax>51</ymax>
		</bndbox>
	</object>
	<object>
		<name>387</name>
		<pose>Unspecified</pose>
		<truncated>0</truncated>
		<difficult>0</difficult>
		<bndbox>
			<xmin>9</xmin>
			<ymin>11</ymin>
			<xmax>25</xmax>
			<ymax>71</ymax>
		</bndbox>
	</object>
	<object>
		<name>387</name>
		<pose>Unspecified</pose>
		<truncated>0</truncated>
		<difficult>0</difficult>
		<bndbox>
			<xmin>31</xmin>
			<ymin>8</ymin>
			<xmax>46</xmax>
			<ymax>60</ymax>
		</bndbox>
	</object>
</annotation>
