<annotation>
	<folder>choose_oracle_images</folder>
	<filename>oc_02_1_0088_1_5.png</filename>
	<path>D:\Learn Python\position relationgship\choose_oracle_images\oc_02_1_0088_1_5.png</path>
	<source>
		<database>Unknown</database>
	</source>
	<size>
		<width>58</width>
		<height>132</height>
		<depth>1</depth>
	</size>
	<segmented>0</segmented>
	<object>
		<name>247</name>
		<pose>Unspecified</pose>
		<truncated>0</truncated>
		<difficult>0</difficult>
		<bndbox>
			<xmin>4</xmin>
			<ymin>12</ymin>
			<xmax>24</xmax>
			<ymax>95</ymax>
		</bndbox>
	</object>
	<object>
		<name>063</name>
		<pose>Unspecified</pose>
		<truncated>0</truncated>
		<difficult>0</difficult>
		<bndbox>
			<xmin>21</xmin>
			<ymin>4</ymin>
			<xmax>51</xmax>
			<ymax>54</ymax>
		</bndbox>
	</object>
	<object>
		<name>134</name>
		<pose>Unspecified</pose>
		<truncated>0</truncated>
		<difficult>0</difficult>
		<bndbox>
			<xmin>24</xmin>
			<ymin>44</ymin>
			<xmax>41</xmax>
			<ymax>74</ymax>
		</bndbox>
	</object>
	<object>
		<name>307</name>
		<pose>Unspecified</pose>
		<truncated>0</truncated>
		<difficult>0</difficult>
		<bndbox>
			<xmin>22</xmin>
			<ymin>83</ymin>
			<xmax>53</xmax>
			<ymax>126</ymax>
		</bndbox>
	</object>
</annotation>
