<annotation>
	<folder>02-李宇航</folder>
	<filename>oc_02_1_0180_1_4.png</filename>
	<path>C:\Users\wml\Desktop\02-李宇航\02-李宇航\oc_02_1_0180_1_4.png</path>
	<source>
		<database>Unknown</database>
	</source>
	<size>
		<width>59</width>
		<height>134</height>
		<depth>1</depth>
	</size>
	<segmented>0</segmented>
	<object>
		<name>461</name>
		<pose>Unspecified</pose>
		<truncated>0</truncated>
		<difficult>0</difficult>
		<bndbox>
			<xmin>11</xmin>
			<ymin>16</ymin>
			<xmax>55</xmax>
			<ymax>84</ymax>
		</bndbox>
	</object>
	<object>
		<name>301</name>
		<pose>Unspecified</pose>
		<truncated>0</truncated>
		<difficult>0</difficult>
		<bndbox>
			<xmin>16</xmin>
			<ymin>70</ymin>
			<xmax>49</xmax>
			<ymax>120</ymax>
		</bndbox>
	</object>
</annotation>
