<annotation>
	<folder>02-李宇航</folder>
	<filename>oc_02_1_0195_1_3.png</filename>
	<path>C:\Users\wml\Desktop\02-李宇航\02-李宇航\oc_02_1_0195_1_3.png</path>
	<source>
		<database>Unknown</database>
	</source>
	<size>
		<width>53</width>
		<height>124</height>
		<depth>1</depth>
	</size>
	<segmented>0</segmented>
	<object>
		<name>461</name>
		<pose>Unspecified</pose>
		<truncated>0</truncated>
		<difficult>0</difficult>
		<bndbox>
			<xmin>12</xmin>
			<ymin>42</ymin>
			<xmax>48</xmax>
			<ymax>119</ymax>
		</bndbox>
	</object>
	<object>
		<name>164</name>
		<pose>Unspecified</pose>
		<truncated>0</truncated>
		<difficult>0</difficult>
		<bndbox>
			<xmin>7</xmin>
			<ymin>8</ymin>
			<xmax>47</xmax>
			<ymax>46</ymax>
		</bndbox>
	</object>
</annotation>
