<annotation>
	<folder>59_radical_labelled_new</folder>
	<filename>oc_02_1_0153_3_1.jpg</filename>
	<path>D:\Learn Python\position relationgship\59_radical_labelled_new\oc_02_1_0153_3_1.jpg</path>
	<source>
		<database>Unknown</database>
	</source>
	<size>
		<width>66</width>
		<height>131</height>
		<depth>1</depth>
	</size>
	<segmented>0</segmented>
	<object>
		<name>461</name>
		<pose>Unspecified</pose>
		<truncated>0</truncated>
		<difficult>0</difficult>
		<bndbox>
			<xmin>5</xmin>
			<ymin>8</ymin>
			<xmax>44</xmax>
			<ymax>103</ymax>
		</bndbox>
	</object>
	<object>
		<name>111</name>
		<pose>Unspecified</pose>
		<truncated>0</truncated>
		<difficult>0</difficult>
		<bndbox>
			<xmin>40</xmin>
			<ymin>21</ymin>
			<xmax>64</xmax>
			<ymax>127</ymax>
		</bndbox>
	</object>
</annotation>
