<annotation>
	<folder>02-李宇航</folder>
	<filename>oc_02_1_0210_1_1.png</filename>
	<path>C:\Users\wml\Desktop\02-李宇航\02-李宇航\oc_02_1_0210_1_1.png</path>
	<source>
		<database>Unknown</database>
	</source>
	<size>
		<width>77</width>
		<height>116</height>
		<depth>1</depth>
	</size>
	<segmented>0</segmented>
	<object>
		<name>134</name>
		<pose>Unspecified</pose>
		<truncated>0</truncated>
		<difficult>0</difficult>
		<bndbox>
			<xmin>15</xmin>
			<ymin>73</ymin>
			<xmax>47</xmax>
			<ymax>102</ymax>
		</bndbox>
	</object>
	<object>
		<name>164</name>
		<pose>Unspecified</pose>
		<truncated>0</truncated>
		<difficult>0</difficult>
		<bndbox>
			<xmin>6</xmin>
			<ymin>5</ymin>
			<xmax>39</xmax>
			<ymax>59</ymax>
		</bndbox>
	</object>
	<object>
		<name>247</name>
		<pose>Unspecified</pose>
		<truncated>0</truncated>
		<difficult>0</difficult>
		<bndbox>
			<xmin>46</xmin>
			<ymin>16</ymin>
			<xmax>74</xmax>
			<ymax>112</ymax>
		</bndbox>
	</object>
</annotation>
