<annotation>
	<folder>03-吴磊</folder>
	<filename>oc_03_1_0386_1_5.png</filename>
	<path>D:\xdd\BaiduNetdiskDownload\03-吴磊\oc_03_1_0386_1_5.png</path>
	<source>
		<database>Unknown</database>
	</source>
	<size>
		<width>52</width>
		<height>123</height>
		<depth>1</depth>
	</size>
	<segmented>0</segmented>
	<object>
		<name>334</name>
		<pose>Unspecified</pose>
		<truncated>0</truncated>
		<difficult>0</difficult>
		<bndbox>
			<xmin>9</xmin>
			<ymin>30</ymin>
			<xmax>43</xmax>
			<ymax>79</ymax>
		</bndbox>
	</object>
	<object>
		<name>132</name>
		<pose>Unspecified</pose>
		<truncated>0</truncated>
		<difficult>0</difficult>
		<bndbox>
			<xmin>30</xmin>
			<ymin>79</ymin>
			<xmax>47</xmax>
			<ymax>117</ymax>
		</bndbox>
	</object>
	<object>
		<name>327</name>
		<pose>Unspecified</pose>
		<truncated>0</truncated>
		<difficult>0</difficult>
		<bndbox>
			<xmin>18</xmin>
			<ymin>2</ymin>
			<xmax>38</xmax>
			<ymax>35</ymax>
		</bndbox>
	</object>
</annotation>
