<annotation>
	<folder>03-吴磊</folder>
	<filename>oc_03_1_0379_3_2.png</filename>
	<path>D:\xdd\BaiduNetdiskDownload\03-吴磊\oc_03_1_0379_3_2.png</path>
	<source>
		<database>Unknown</database>
	</source>
	<size>
		<width>105</width>
		<height>108</height>
		<depth>1</depth>
	</size>
	<segmented>0</segmented>
	<object>
		<name>287</name>
		<pose>Unspecified</pose>
		<truncated>0</truncated>
		<difficult>0</difficult>
		<bndbox>
			<xmin>20</xmin>
			<ymin>7</ymin>
			<xmax>53</xmax>
			<ymax>59</ymax>
		</bndbox>
	</object>
	<object>
		<name>030</name>
		<pose>Unspecified</pose>
		<truncated>0</truncated>
		<difficult>0</difficult>
		<bndbox>
			<xmin>6</xmin>
			<ymin>4</ymin>
			<xmax>98</xmax>
			<ymax>99</ymax>
		</bndbox>
	</object>
</annotation>
