<annotation>
	<folder>02-李宇航</folder>
	<filename>oc_02_1_0205_1_4.png</filename>
	<path>C:\Users\wml\Desktop\02-李宇航\02-李宇航\oc_02_1_0205_1_4.png</path>
	<source>
		<database>Unknown</database>
	</source>
	<size>
		<width>106</width>
		<height>100</height>
		<depth>1</depth>
	</size>
	<segmented>0</segmented>
	<object>
		<name>012</name>
		<pose>Unspecified</pose>
		<truncated>0</truncated>
		<difficult>0</difficult>
		<bndbox>
			<xmin>42</xmin>
			<ymin>5</ymin>
			<xmax>99</xmax>
			<ymax>97</ymax>
		</bndbox>
	</object>
	<object>
		<name>134</name>
		<pose>Unspecified</pose>
		<truncated>0</truncated>
		<difficult>0</difficult>
		<bndbox>
			<xmin>7</xmin>
			<ymin>10</ymin>
			<xmax>38</xmax>
			<ymax>57</ymax>
		</bndbox>
	</object>
</annotation>
