<annotation>
	<folder>01-李沿增</folder>
	<filename>oc_02_1_0148_1_12.png</filename>
	<path>D:\古文字\古文字\01-李沿增\oc_02_1_0148_1_12.png</path>
	<source>
		<database>Unknown</database>
	</source>
	<size>
		<width>66</width>
		<height>133</height>
		<depth>1</depth>
	</size>
	<segmented>0</segmented>
	<object>
		<name>307</name>
		<pose>Unspecified</pose>
		<truncated>0</truncated>
		<difficult>0</difficult>
		<bndbox>
			<xmin>15</xmin>
			<ymin>10</ymin>
			<xmax>54</xmax>
			<ymax>55</ymax>
		</bndbox>
	</object>
	<object>
		<name>307</name>
		<pose>Unspecified</pose>
		<truncated>0</truncated>
		<difficult>0</difficult>
		<bndbox>
			<xmin>7</xmin>
			<ymin>71</ymin>
			<xmax>52</xmax>
			<ymax>128</ymax>
		</bndbox>
	</object>
</annotation>
