<annotation>
	<folder>59_radical_labelled_new</folder>
	<filename>oc_01_1_0050_4_2.png</filename>
	<path>D:\Learn Python\position relationgship\59_radical_labelled_new\oc_01_1_0050_4_2.png</path>
	<source>
		<database>Unknown</database>
	</source>
	<size>
		<width>93</width>
		<height>125</height>
		<depth>1</depth>
	</size>
	<segmented>0</segmented>
	<object>
		<name>277</name>
		<pose>Unspecified</pose>
		<truncated>0</truncated>
		<difficult>0</difficult>
		<bndbox>
			<xmin>26</xmin>
			<ymin>52</ymin>
			<xmax>77</xmax>
			<ymax>78</ymax>
		</bndbox>
	</object>
	<object>
		<name>287</name>
		<pose>Unspecified</pose>
		<truncated>0</truncated>
		<difficult>0</difficult>
		<bndbox>
			<xmin>16</xmin>
			<ymin>9</ymin>
			<xmax>49</xmax>
			<ymax>42</ymax>
		</bndbox>
	</object>
	<object>
		<name>287</name>
		<pose>Unspecified</pose>
		<truncated>0</truncated>
		<difficult>0</difficult>
		<bndbox>
			<xmin>54</xmin>
			<ymin>6</ymin>
			<xmax>83</xmax>
			<ymax>42</ymax>
		</bndbox>
	</object>
	<object>
		<name>287</name>
		<pose>Unspecified</pose>
		<truncated>0</truncated>
		<difficult>0</difficult>
		<bndbox>
			<xmin>20</xmin>
			<ymin>79</ymin>
			<xmax>50</xmax>
			<ymax>116</ymax>
		</bndbox>
	</object>
	<object>
		<name>287</name>
		<pose>Unspecified</pose>
		<truncated>0</truncated>
		<difficult>0</difficult>
		<bndbox>
			<xmin>54</xmin>
			<ymin>80</ymin>
			<xmax>81</xmax>
			<ymax>115</ymax>
		</bndbox>
	</object>
</annotation>
