<annotation>
	<folder>02-李宇航</folder>
	<filename>oc_02_2_0332_1_1.png</filename>
	<path>C:\Users\Administrator\Desktop\02-李宇航\02-李宇航\oc_02_2_0332_1_1.png</path>
	<source>
		<database>Unknown</database>
	</source>
	<size>
		<width>49</width>
		<height>69</height>
		<depth>1</depth>
	</size>
	<segmented>0</segmented>
	<object>
		<name>134</name>
		<pose>Unspecified</pose>
		<truncated>1</truncated>
		<difficult>0</difficult>
		<bndbox>
			<xmin>1</xmin>
			<ymin>8</ymin>
			<xmax>19</xmax>
			<ymax>33</ymax>
		</bndbox>
	</object>
	<object>
		<name>334</name>
		<pose>Unspecified</pose>
		<truncated>1</truncated>
		<difficult>0</difficult>
		<bndbox>
			<xmin>12</xmin>
			<ymin>1</ymin>
			<xmax>46</xmax>
			<ymax>61</ymax>
		</bndbox>
	</object>
</annotation>
