<annotation>
	<folder>02-李宇航</folder>
	<filename>oc_02_2_0331_1_2.png</filename>
	<path>C:\Users\Administrator\Desktop\02-李宇航\02-李宇航\oc_02_2_0331_1_2.png</path>
	<source>
		<database>Unknown</database>
	</source>
	<size>
		<width>67</width>
		<height>77</height>
		<depth>1</depth>
	</size>
	<segmented>0</segmented>
	<object>
		<name>008</name>
		<pose>Unspecified</pose>
		<truncated>1</truncated>
		<difficult>0</difficult>
		<bndbox>
			<xmin>1</xmin>
			<ymin>1</ymin>
			<xmax>64</xmax>
			<ymax>70</ymax>
		</bndbox>
	</object>
	<object>
		<name>134</name>
		<pose>Unspecified</pose>
		<truncated>0</truncated>
		<difficult>0</difficult>
		<bndbox>
			<xmin>29</xmin>
			<ymin>46</ymin>
			<xmax>53</xmax>
			<ymax>74</ymax>
		</bndbox>
	</object>
</annotation>
