<annotation>
	<folder>choose_oracle_images</folder>
	<filename>oc_02_1_0127_1_6.png</filename>
	<path>D:\Learn Python\position relationgship\choose_oracle_images\oc_02_1_0127_1_6.png</path>
	<source>
		<database>Unknown</database>
	</source>
	<size>
		<width>80</width>
		<height>123</height>
		<depth>1</depth>
	</size>
	<segmented>0</segmented>
	<object>
		<name>307</name>
		<pose>Unspecified</pose>
		<truncated>0</truncated>
		<difficult>0</difficult>
		<bndbox>
			<xmin>8</xmin>
			<ymin>27</ymin>
			<xmax>50</xmax>
			<ymax>101</ymax>
		</bndbox>
	</object>
	<object>
		<name>247</name>
		<pose>Unspecified</pose>
		<truncated>0</truncated>
		<difficult>0</difficult>
		<bndbox>
			<xmin>42</xmin>
			<ymin>10</ymin>
			<xmax>75</xmax>
			<ymax>119</ymax>
		</bndbox>
	</object>
</annotation>
