<annotation>
	<folder>02-李宇航</folder>
	<filename>oc_02_1_0206_1_2.png</filename>
	<path>C:\Users\wml\Desktop\02-李宇航\02-李宇航\oc_02_1_0206_1_2.png</path>
	<source>
		<database>Unknown</database>
	</source>
	<size>
		<width>55</width>
		<height>59</height>
		<depth>1</depth>
	</size>
	<segmented>0</segmented>
	<object>
		<name>287</name>
		<pose>Unspecified</pose>
		<truncated>1</truncated>
		<difficult>0</difficult>
		<bndbox>
			<xmin>21</xmin>
			<ymin>1</ymin>
			<xmax>51</xmax>
			<ymax>36</ymax>
		</bndbox>
	</object>
	<object>
		<name>134</name>
		<pose>Unspecified</pose>
		<truncated>0</truncated>
		<difficult>0</difficult>
		<bndbox>
			<xmin>7</xmin>
			<ymin>36</ymin>
			<xmax>48</xmax>
			<ymax>58</ymax>
		</bndbox>
	</object>
	<object>
		<name>287</name>
		<pose>Unspecified</pose>
		<truncated>0</truncated>
		<difficult>0</difficult>
		<bndbox>
			<xmin>9</xmin>
			<ymin>6</ymin>
			<xmax>22</xmax>
			<ymax>31</ymax>
		</bndbox>
	</object>
</annotation>
