<annotation>
	<folder>choose_oracle_images</folder>
	<filename>oc_01_1_0036_2_3.png</filename>
	<path>D:\Learn Python\position relationgship\choose_oracle_images\oc_01_1_0036_2_3.png</path>
	<source>
		<database>Unknown</database>
	</source>
	<size>
		<width>80</width>
		<height>133</height>
		<depth>1</depth>
	</size>
	<segmented>0</segmented>
	<object>
		<name>287</name>
		<pose>Unspecified</pose>
		<truncated>0</truncated>
		<difficult>0</difficult>
		<bndbox>
			<xmin>14</xmin>
			<ymin>17</ymin>
			<xmax>62</xmax>
			<ymax>89</ymax>
		</bndbox>
	</object>
	<object>
		<name>132</name>
		<pose>Unspecified</pose>
		<truncated>0</truncated>
		<difficult>0</difficult>
		<bndbox>
			<xmin>54</xmin>
			<ymin>41</ymin>
			<xmax>76</xmax>
			<ymax>119</ymax>
		</bndbox>
	</object>
	<object>
		<name>389</name>
		<pose>Unspecified</pose>
		<truncated>0</truncated>
		<difficult>0</difficult>
		<bndbox>
			<xmin>5</xmin>
			<ymin>91</ymin>
			<xmax>52</xmax>
			<ymax>120</ymax>
		</bndbox>
	</object>
</annotation>
