<annotation>
	<folder>02-李宇航</folder>
	<filename>oc_02_1_0203_1_2.png</filename>
	<path>C:\Users\wml\Desktop\02-李宇航\02-李宇航\oc_02_1_0203_1_2.png</path>
	<source>
		<database>Unknown</database>
	</source>
	<size>
		<width>55</width>
		<height>70</height>
		<depth>1</depth>
	</size>
	<segmented>0</segmented>
	<object>
		<name>379</name>
		<pose>Unspecified</pose>
		<truncated>0</truncated>
		<difficult>0</difficult>
		<bndbox>
			<xmin>5</xmin>
			<ymin>3</ymin>
			<xmax>54</xmax>
			<ymax>43</ymax>
		</bndbox>
	</object>
	<object>
		<name>134</name>
		<pose>Unspecified</pose>
		<truncated>0</truncated>
		<difficult>0</difficult>
		<bndbox>
			<xmin>13</xmin>
			<ymin>38</ymin>
			<xmax>47</xmax>
			<ymax>66</ymax>
		</bndbox>
	</object>
</annotation>
