<annotation>
	<folder>59_radical_labelled_new</folder>
	<filename>oc_03_1_0375_1_6.png</filename>
	<path>D:\Learn Python\position relationgship\59_radical_labelled_new\oc_03_1_0375_1_6.png</path>
	<source>
		<database>Unknown</database>
	</source>
	<size>
		<width>78</width>
		<height>116</height>
		<depth>1</depth>
	</size>
	<segmented>0</segmented>
	<object>
		<name>132</name>
		<pose>Unspecified</pose>
		<truncated>0</truncated>
		<difficult>0</difficult>
		<bndbox>
			<xmin>39</xmin>
			<ymin>20</ymin>
			<xmax>72</xmax>
			<ymax>106</ymax>
		</bndbox>
	</object>
	<object>
		<name>419</name>
		<pose>Unspecified</pose>
		<truncated>0</truncated>
		<difficult>0</difficult>
		<bndbox>
			<xmin>5</xmin>
			<ymin>9</ymin>
			<xmax>39</xmax>
			<ymax>95</ymax>
		</bndbox>
	</object>
</annotation>
