<annotation>
	<folder>02-李宇航</folder>
	<filename>oc_02_2_0271_1_1.png</filename>
	<path>C:\Users\wml\Desktop\02-李宇航\02-李宇航\oc_02_2_0271_1_1.png</path>
	<source>
		<database>Unknown</database>
	</source>
	<size>
		<width>60</width>
		<height>125</height>
		<depth>1</depth>
	</size>
	<segmented>0</segmented>
	<object>
		<name>123</name>
		<pose>Unspecified</pose>
		<truncated>0</truncated>
		<difficult>0</difficult>
		<bndbox>
			<xmin>3</xmin>
			<ymin>38</ymin>
			<xmax>34</xmax>
			<ymax>122</ymax>
		</bndbox>
	</object>
	<object>
		<name>307</name>
		<pose>Unspecified</pose>
		<truncated>0</truncated>
		<difficult>0</difficult>
		<bndbox>
			<xmin>4</xmin>
			<ymin>7</ymin>
			<xmax>24</xmax>
			<ymax>44</ymax>
		</bndbox>
	</object>
	<object>
		<name>307</name>
		<pose>Unspecified</pose>
		<truncated>0</truncated>
		<difficult>0</difficult>
		<bndbox>
			<xmin>27</xmin>
			<ymin>5</ymin>
			<xmax>52</xmax>
			<ymax>47</ymax>
		</bndbox>
	</object>
</annotation>
