<annotation>
	<folder>03-吴磊</folder>
	<filename>oc_03_1_0398_1_2.png</filename>
	<path>D:\xdd\BaiduNetdiskDownload\03-吴磊\oc_03_1_0398_1_2.png</path>
	<source>
		<database>Unknown</database>
	</source>
	<size>
		<width>78</width>
		<height>125</height>
		<depth>1</depth>
	</size>
	<segmented>0</segmented>
	<object>
		<name>234</name>
		<pose>Unspecified</pose>
		<truncated>0</truncated>
		<difficult>0</difficult>
		<bndbox>
			<xmin>13</xmin>
			<ymin>71</ymin>
			<xmax>73</xmax>
			<ymax>117</ymax>
		</bndbox>
	</object>
	<object>
		<name>252</name>
		<pose>Unspecified</pose>
		<truncated>0</truncated>
		<difficult>0</difficult>
		<bndbox>
			<xmin>8</xmin>
			<ymin>10</ymin>
			<xmax>48</xmax>
			<ymax>84</ymax>
		</bndbox>
	</object>
</annotation>
