<annotation>
	<folder>03-吴磊</folder>
	<filename>oc_03_1_0385_1_1.png</filename>
	<path>D:\xdd\BaiduNetdiskDownload\03-吴磊\oc_03_1_0385_1_1.png</path>
	<source>
		<database>Unknown</database>
	</source>
	<size>
		<width>88</width>
		<height>131</height>
		<depth>1</depth>
	</size>
	<segmented>0</segmented>
	<object>
		<name>189</name>
		<pose>Unspecified</pose>
		<truncated>0</truncated>
		<difficult>0</difficult>
		<bndbox>
			<xmin>8</xmin>
			<ymin>12</ymin>
			<xmax>81</xmax>
			<ymax>105</ymax>
		</bndbox>
	</object>
	<object>
		<name>269</name>
		<pose>Unspecified</pose>
		<truncated>0</truncated>
		<difficult>0</difficult>
		<bndbox>
			<xmin>35</xmin>
			<ymin>49</ymin>
			<xmax>70</xmax>
			<ymax>119</ymax>
		</bndbox>
	</object>
</annotation>
