<annotation>
	<folder>02-李宇航</folder>
	<filename>oc_02_2_0301_1_4.png</filename>
	<path>C:\Users\Administrator\Desktop\02-李宇航\02-李宇航\oc_02_2_0301_1_4.png</path>
	<source>
		<database>Unknown</database>
	</source>
	<size>
		<width>46</width>
		<height>69</height>
		<depth>1</depth>
	</size>
	<segmented>0</segmented>
	<object>
		<name>134</name>
		<pose>Unspecified</pose>
		<truncated>0</truncated>
		<difficult>0</difficult>
		<bndbox>
			<xmin>3</xmin>
			<ymin>41</ymin>
			<xmax>44</xmax>
			<ymax>63</ymax>
		</bndbox>
	</object>
	<object>
		<name>468</name>
		<pose>Unspecified</pose>
		<truncated>0</truncated>
		<difficult>0</difficult>
		<bndbox>
			<xmin>5</xmin>
			<ymin>4</ymin>
			<xmax>44</xmax>
			<ymax>46</ymax>
		</bndbox>
	</object>
</annotation>
