<annotation>
	<folder>01-李沿增</folder>
	<filename>oc_02_1_0089_1_1.png</filename>
	<path>D:\古文字\古文字\01-李沿增\oc_02_1_0089_1_1.png</path>
	<source>
		<database>Unknown</database>
	</source>
	<size>
		<width>89</width>
		<height>115</height>
		<depth>1</depth>
	</size>
	<segmented>0</segmented>
	<object>
		<name>134</name>
		<pose>Unspecified</pose>
		<truncated>0</truncated>
		<difficult>0</difficult>
		<bndbox>
			<xmin>26</xmin>
			<ymin>13</ymin>
			<xmax>65</xmax>
			<ymax>71</ymax>
		</bndbox>
	</object>
	<object>
		<name>027</name>
		<pose>Unspecified</pose>
		<truncated>0</truncated>
		<difficult>0</difficult>
		<bndbox>
			<xmin>10</xmin>
			<ymin>7</ymin>
			<xmax>22</xmax>
			<ymax>106</ymax>
		</bndbox>
	</object>
	<object>
		<name>027</name>
		<pose>Unspecified</pose>
		<truncated>0</truncated>
		<difficult>0</difficult>
		<bndbox>
			<xmin>67</xmin>
			<ymin>5</ymin>
			<xmax>88</xmax>
			<ymax>108</ymax>
		</bndbox>
	</object>
</annotation>
