<annotation>
	<folder>01-李沿增</folder>
	<filename>oc_01_1_0050_7_3.png</filename>
	<path>D:\古文字\古文字\01-李沿增\oc_01_1_0050_7_3.png</path>
	<source>
		<database>Unknown</database>
	</source>
	<size>
		<width>43</width>
		<height>126</height>
		<depth>1</depth>
	</size>
	<segmented>0</segmented>
	<object>
		<name>393</name>
		<pose>Unspecified</pose>
		<truncated>0</truncated>
		<difficult>0</difficult>
		<bndbox>
			<xmin>7</xmin>
			<ymin>5</ymin>
			<xmax>39</xmax>
			<ymax>53</ymax>
		</bndbox>
	</object>
	<object>
		<name>393</name>
		<pose>Unspecified</pose>
		<truncated>0</truncated>
		<difficult>0</difficult>
		<bndbox>
			<xmin>6</xmin>
			<ymin>82</ymin>
			<xmax>39</xmax>
			<ymax>122</ymax>
		</bndbox>
	</object>
	<object>
		<name>277</name>
		<pose>Unspecified</pose>
		<truncated>1</truncated>
		<difficult>0</difficult>
		<bndbox>
			<xmin>6</xmin>
			<ymin>54</ymin>
			<xmax>43</xmax>
			<ymax>79</ymax>
		</bndbox>
	</object>
</annotation>
