<annotation>
	<folder>59_radical_labelled_new</folder>
	<filename>oc_02_1_0103_1_1.jpg</filename>
	<path>D:\Learn Python\position relationgship\59_radical_labelled_new\oc_02_1_0103_1_1.jpg</path>
	<source>
		<database>Unknown</database>
	</source>
	<size>
		<width>97</width>
		<height>123</height>
		<depth>1</depth>
	</size>
	<segmented>0</segmented>
	<object>
		<name>338</name>
		<pose>Unspecified</pose>
		<truncated>0</truncated>
		<difficult>0</difficult>
		<bndbox>
			<xmin>4</xmin>
			<ymin>9</ymin>
			<xmax>44</xmax>
			<ymax>116</ymax>
		</bndbox>
	</object>
	<object>
		<name>134</name>
		<pose>Unspecified</pose>
		<truncated>0</truncated>
		<difficult>0</difficult>
		<bndbox>
			<xmin>54</xmin>
			<ymin>57</ymin>
			<xmax>94</xmax>
			<ymax>98</ymax>
		</bndbox>
	</object>
</annotation>
