<annotation>
	<folder>03-吴磊</folder>
	<filename>oc_03_1_0385_1_5.png</filename>
	<path>D:\xdd\BaiduNetdiskDownload\03-吴磊\oc_03_1_0385_1_5.png</path>
	<source>
		<database>Unknown</database>
	</source>
	<size>
		<width>75</width>
		<height>124</height>
		<depth>1</depth>
	</size>
	<segmented>0</segmented>
	<object>
		<name>269</name>
		<pose>Unspecified</pose>
		<truncated>0</truncated>
		<difficult>0</difficult>
		<bndbox>
			<xmin>31</xmin>
			<ymin>34</ymin>
			<xmax>50</xmax>
			<ymax>112</ymax>
		</bndbox>
	</object>
	<object>
		<name>189</name>
		<pose>Unspecified</pose>
		<truncated>0</truncated>
		<difficult>0</difficult>
		<bndbox>
			<xmin>12</xmin>
			<ymin>10</ymin>
			<xmax>61</xmax>
			<ymax>91</ymax>
		</bndbox>
	</object>
</annotation>
