<annotation>
	<folder>01-李沿增</folder>
	<filename>oc_02_1_0153_1_3.png</filename>
	<path>D:\古文字\古文字\01-李沿增\oc_02_1_0153_1_3.png</path>
	<source>
		<database>Unknown</database>
	</source>
	<size>
		<width>59</width>
		<height>131</height>
		<depth>1</depth>
	</size>
	<segmented>0</segmented>
	<object>
		<name>335</name>
		<pose>Unspecified</pose>
		<truncated>0</truncated>
		<difficult>0</difficult>
		<bndbox>
			<xmin>4</xmin>
			<ymin>9</ymin>
			<xmax>43</xmax>
			<ymax>121</ymax>
		</bndbox>
	</object>
</annotation>
