<annotation>
	<folder>choose_oracle_images</folder>
	<filename>oc_02_1_0127_1_8.png</filename>
	<path>D:\Learn Python\position relationgship\choose_oracle_images\oc_02_1_0127_1_8.png</path>
	<source>
		<database>Unknown</database>
	</source>
	<size>
		<width>83</width>
		<height>133</height>
		<depth>1</depth>
	</size>
	<segmented>0</segmented>
	<object>
		<name>307</name>
		<pose>Unspecified</pose>
		<truncated>0</truncated>
		<difficult>0</difficult>
		<bndbox>
			<xmin>31</xmin>
			<ymin>61</ymin>
			<xmax>59</xmax>
			<ymax>124</ymax>
		</bndbox>
	</object>
	<object>
		<name>247</name>
		<pose>Unspecified</pose>
		<truncated>0</truncated>
		<difficult>0</difficult>
		<bndbox>
			<xmin>7</xmin>
			<ymin>12</ymin>
			<xmax>29</xmax>
			<ymax>128</ymax>
		</bndbox>
	</object>
</annotation>
