<annotation>
	<folder>02-李宇航</folder>
	<filename>oc_02_1_0217_1_1.png</filename>
	<path>C:\Users\wml\Desktop\02-李宇航\02-李宇航\oc_02_1_0217_1_1.png</path>
	<source>
		<database>Unknown</database>
	</source>
	<size>
		<width>28</width>
		<height>68</height>
		<depth>1</depth>
	</size>
	<segmented>0</segmented>
	<object>
		<name>387</name>
		<pose>Unspecified</pose>
		<truncated>1</truncated>
		<difficult>0</difficult>
		<bndbox>
			<xmin>5</xmin>
			<ymin>1</ymin>
			<xmax>23</xmax>
			<ymax>66</ymax>
		</bndbox>
	</object>
	<object>
		<name>307</name>
		<pose>Unspecified</pose>
		<truncated>1</truncated>
		<difficult>0</difficult>
		<bndbox>
			<xmin>1</xmin>
			<ymin>11</ymin>
			<xmax>9</xmax>
			<ymax>27</ymax>
		</bndbox>
	</object>
</annotation>
