<annotation>
	<folder>01-李沿增</folder>
	<filename>oc_02_1_0147_1_1.png</filename>
	<path>D:\古文字\古文字\01-李沿增\oc_02_1_0147_1_1.png</path>
	<source>
		<database>Unknown</database>
	</source>
	<size>
		<width>87</width>
		<height>124</height>
		<depth>1</depth>
	</size>
	<segmented>0</segmented>
	<object>
		<name>307</name>
		<pose>Unspecified</pose>
		<truncated>0</truncated>
		<difficult>0</difficult>
		<bndbox>
			<xmin>6</xmin>
			<ymin>13</ymin>
			<xmax>48</xmax>
			<ymax>80</ymax>
		</bndbox>
	</object>
	<object>
		<name>111</name>
		<pose>Unspecified</pose>
		<truncated>0</truncated>
		<difficult>0</difficult>
		<bndbox>
			<xmin>47</xmin>
			<ymin>23</ymin>
			<xmax>79</xmax>
			<ymax>117</ymax>
		</bndbox>
	</object>
</annotation>
