<annotation>
	<folder>02-李宇航</folder>
	<filename>oc_03_1_0372_1_12.png</filename>
	<path>C:\Users\Administrator\Desktop\02-李宇航\02-李宇航\oc_03_1_0372_1_12.png</path>
	<source>
		<database>Unknown</database>
	</source>
	<size>
		<width>114</width>
		<height>92</height>
		<depth>1</depth>
	</size>
	<segmented>0</segmented>
	<object>
		<name>132</name>
		<pose>Unspecified</pose>
		<truncated>0</truncated>
		<difficult>0</difficult>
		<bndbox>
			<xmin>4</xmin>
			<ymin>13</ymin>
			<xmax>58</xmax>
			<ymax>89</ymax>
		</bndbox>
	</object>
	<object>
		<name>132</name>
		<pose>Unspecified</pose>
		<truncated>0</truncated>
		<difficult>0</difficult>
		<bndbox>
			<xmin>48</xmin>
			<ymin>9</ymin>
			<xmax>108</xmax>
			<ymax>83</ymax>
		</bndbox>
	</object>
</annotation>
