<annotation>
	<folder>02-李宇航</folder>
	<filename>oc_02_2_0304_1_2.png</filename>
	<path>C:\Users\Administrator\Desktop\02-李宇航\02-李宇航\oc_02_2_0304_1_2.png</path>
	<source>
		<database>Unknown</database>
	</source>
	<size>
		<width>71</width>
		<height>113</height>
		<depth>1</depth>
	</size>
	<segmented>0</segmented>
	<object>
		<name>307</name>
		<pose>Unspecified</pose>
		<truncated>0</truncated>
		<difficult>0</difficult>
		<bndbox>
			<xmin>20</xmin>
			<ymin>2</ymin>
			<xmax>44</xmax>
			<ymax>58</ymax>
		</bndbox>
	</object>
	<object>
		<name>164</name>
		<pose>Unspecified</pose>
		<truncated>0</truncated>
		<difficult>0</difficult>
		<bndbox>
			<xmin>5</xmin>
			<ymin>59</ymin>
			<xmax>42</xmax>
			<ymax>104</ymax>
		</bndbox>
	</object>
	<object>
		<name>247</name>
		<pose>Unspecified</pose>
		<truncated>0</truncated>
		<difficult>0</difficult>
		<bndbox>
			<xmin>35</xmin>
			<ymin>12</ymin>
			<xmax>62</xmax>
			<ymax>104</ymax>
		</bndbox>
	</object>
</annotation>
