<annotation>
	<folder>choose_oracle_images</folder>
	<filename>oc_02_1_0225_1_3.png</filename>
	<path>D:\Learn Python\position relationgship\choose_oracle_images\oc_02_1_0225_1_3.png</path>
	<source>
		<database>Unknown</database>
	</source>
	<size>
		<width>51</width>
		<height>75</height>
		<depth>1</depth>
	</size>
	<segmented>0</segmented>
	<object>
		<name>307</name>
		<pose>Unspecified</pose>
		<truncated>0</truncated>
		<difficult>0</difficult>
		<bndbox>
			<xmin>12</xmin>
			<ymin>21</ymin>
			<xmax>29</xmax>
			<ymax>59</ymax>
		</bndbox>
	</object>
	<object>
		<name>189</name>
		<pose>Unspecified</pose>
		<truncated>1</truncated>
		<difficult>0</difficult>
		<bndbox>
			<xmin>4</xmin>
			<ymin>1</ymin>
			<xmax>38</xmax>
			<ymax>69</ymax>
		</bndbox>
	</object>
</annotation>
