<annotation>
	<folder>02-李宇航</folder>
	<filename>oc_02_2_0286_1_4.png</filename>
	<path>C:\Users\Administrator\Desktop\02-李宇航\02-李宇航\oc_02_2_0286_1_4.png</path>
	<source>
		<database>Unknown</database>
	</source>
	<size>
		<width>63</width>
		<height>124</height>
		<depth>1</depth>
	</size>
	<segmented>0</segmented>
	<object>
		<name>154</name>
		<pose>Unspecified</pose>
		<truncated>0</truncated>
		<difficult>0</difficult>
		<bndbox>
			<xmin>15</xmin>
			<ymin>9</ymin>
			<xmax>61</xmax>
			<ymax>56</ymax>
		</bndbox>
	</object>
	<object>
		<name>307</name>
		<pose>Unspecified</pose>
		<truncated>0</truncated>
		<difficult>0</difficult>
		<bndbox>
			<xmin>13</xmin>
			<ymin>38</ymin>
			<xmax>56</xmax>
			<ymax>115</ymax>
		</bndbox>
	</object>
</annotation>
