<annotation>
	<folder>02-李宇航</folder>
	<filename>oc_02_2_0271_1_2.png</filename>
	<path>C:\Users\wml\Desktop\02-李宇航\02-李宇航\oc_02_2_0271_1_2.png</path>
	<source>
		<database>Unknown</database>
	</source>
	<size>
		<width>49</width>
		<height>122</height>
		<depth>1</depth>
	</size>
	<segmented>0</segmented>
	<object>
		<name>307</name>
		<pose>Unspecified</pose>
		<truncated>0</truncated>
		<difficult>0</difficult>
		<bndbox>
			<xmin>9</xmin>
			<ymin>14</ymin>
			<xmax>30</xmax>
			<ymax>52</ymax>
		</bndbox>
	</object>
	<object>
		<name>307</name>
		<pose>Unspecified</pose>
		<truncated>0</truncated>
		<difficult>0</difficult>
		<bndbox>
			<xmin>30</xmin>
			<ymin>15</ymin>
			<xmax>47</xmax>
			<ymax>52</ymax>
		</bndbox>
	</object>
	<object>
		<name>123</name>
		<pose>Unspecified</pose>
		<truncated>0</truncated>
		<difficult>0</difficult>
		<bndbox>
			<xmin>22</xmin>
			<ymin>61</ymin>
			<xmax>39</xmax>
			<ymax>116</ymax>
		</bndbox>
	</object>
</annotation>
