<annotation>
	<folder>02-李宇航</folder>
	<filename>oc_02_2_0289_1_1.png</filename>
	<path>C:\Users\Administrator\Desktop\02-李宇航\02-李宇航\oc_02_2_0289_1_1.png</path>
	<source>
		<database>Unknown</database>
	</source>
	<size>
		<width>34</width>
		<height>76</height>
		<depth>1</depth>
	</size>
	<segmented>0</segmented>
	<object>
		<name>307</name>
		<pose>Unspecified</pose>
		<truncated>1</truncated>
		<difficult>0</difficult>
		<bndbox>
			<xmin>1</xmin>
			<ymin>42</ymin>
			<xmax>23</xmax>
			<ymax>72</ymax>
		</bndbox>
	</object>
	<object>
		<name>186</name>
		<pose>Unspecified</pose>
		<truncated>0</truncated>
		<difficult>0</difficult>
		<bndbox>
			<xmin>5</xmin>
			<ymin>5</ymin>
			<xmax>31</xmax>
			<ymax>51</ymax>
		</bndbox>
	</object>
</annotation>
