<annotation>
	<folder>02-李宇航</folder>
	<filename>oc_02_1_0205_1_3.png</filename>
	<path>C:\Users\wml\Desktop\02-李宇航\02-李宇航\oc_02_1_0205_1_3.png</path>
	<source>
		<database>Unknown</database>
	</source>
	<size>
		<width>82</width>
		<height>125</height>
		<depth>1</depth>
	</size>
	<segmented>0</segmented>
	<object>
		<name>012</name>
		<pose>Unspecified</pose>
		<truncated>0</truncated>
		<difficult>0</difficult>
		<bndbox>
			<xmin>22</xmin>
			<ymin>7</ymin>
			<xmax>79</xmax>
			<ymax>123</ymax>
		</bndbox>
	</object>
	<object>
		<name>134</name>
		<pose>Unspecified</pose>
		<truncated>0</truncated>
		<difficult>0</difficult>
		<bndbox>
			<xmin>12</xmin>
			<ymin>65</ymin>
			<xmax>48</xmax>
			<ymax>112</ymax>
		</bndbox>
	</object>
</annotation>
