<annotation>
	<folder>03-吴磊</folder>
	<filename>oc_03_1_0385_2_3.png</filename>
	<path>D:\xdd\BaiduNetdiskDownload\03-吴磊\oc_03_1_0385_2_3.png</path>
	<source>
		<database>Unknown</database>
	</source>
	<size>
		<width>84</width>
		<height>125</height>
		<depth>1</depth>
	</size>
	<segmented>0</segmented>
	<object>
		<name>189</name>
		<pose>Unspecified</pose>
		<truncated>0</truncated>
		<difficult>0</difficult>
		<bndbox>
			<xmin>9</xmin>
			<ymin>14</ymin>
			<xmax>73</xmax>
			<ymax>76</ymax>
		</bndbox>
	</object>
	<object>
		<name>062</name>
		<pose>Unspecified</pose>
		<truncated>0</truncated>
		<difficult>0</difficult>
		<bndbox>
			<xmin>22</xmin>
			<ymin>54</ymin>
			<xmax>41</xmax>
			<ymax>108</ymax>
		</bndbox>
	</object>
	<object>
		<name>269</name>
		<pose>Unspecified</pose>
		<truncated>0</truncated>
		<difficult>0</difficult>
		<bndbox>
			<xmin>28</xmin>
			<ymin>33</ymin>
			<xmax>58</xmax>
			<ymax>95</ymax>
		</bndbox>
	</object>
</annotation>
