<annotation>
	<folder>59_radical_labelled_new</folder>
	<filename>oc_02_1_0148_1_5.jpg</filename>
	<path>D:\Learn Python\position relationgship\59_radical_labelled_new\oc_02_1_0148_1_5.jpg</path>
	<source>
		<database>Unknown</database>
	</source>
	<size>
		<width>60</width>
		<height>131</height>
		<depth>1</depth>
	</size>
	<segmented>0</segmented>
	<object>
		<name>307</name>
		<pose>Unspecified</pose>
		<truncated>0</truncated>
		<difficult>0</difficult>
		<bndbox>
			<xmin>4</xmin>
			<ymin>3</ymin>
			<xmax>55</xmax>
			<ymax>61</ymax>
		</bndbox>
	</object>
	<object>
		<name>307</name>
		<pose>Unspecified</pose>
		<truncated>0</truncated>
		<difficult>0</difficult>
		<bndbox>
			<xmin>6</xmin>
			<ymin>73</ymin>
			<xmax>40</xmax>
			<ymax>126</ymax>
		</bndbox>
	</object>
</annotation>
