<annotation>
	<folder>01-李沿增</folder>
	<filename>oc_01_1_0053_2_3.png</filename>
	<path>D:\古文字\古文字\01-李沿增\oc_01_1_0053_2_3.png</path>
	<source>
		<database>Unknown</database>
	</source>
	<size>
		<width>92</width>
		<height>135</height>
		<depth>1</depth>
	</size>
	<segmented>0</segmented>
	<object>
		<name>149</name>
		<pose>Unspecified</pose>
		<truncated>0</truncated>
		<difficult>0</difficult>
		<bndbox>
			<xmin>4</xmin>
			<ymin>21</ymin>
			<xmax>86</xmax>
			<ymax>124</ymax>
		</bndbox>
	</object>
</annotation>
