<annotation>
	<folder>59_radical_labelled_new</folder>
	<filename>oc_02_1_0151_1_4.jpg</filename>
	<path>D:\Learn Python\position relationgship\59_radical_labelled_new\oc_02_1_0151_1_4.jpg</path>
	<source>
		<database>Unknown</database>
	</source>
	<size>
		<width>68</width>
		<height>132</height>
		<depth>1</depth>
	</size>
	<segmented>0</segmented>
	<object>
		<name>393</name>
		<pose>Unspecified</pose>
		<truncated>0</truncated>
		<difficult>0</difficult>
		<bndbox>
			<xmin>7</xmin>
			<ymin>10</ymin>
			<xmax>39</xmax>
			<ymax>83</ymax>
		</bndbox>
	</object>
	<object>
		<name>393</name>
		<pose>Unspecified</pose>
		<truncated>0</truncated>
		<difficult>0</difficult>
		<bndbox>
			<xmin>32</xmin>
			<ymin>4</ymin>
			<xmax>65</xmax>
			<ymax>83</ymax>
		</bndbox>
	</object>
	<object>
		<name>307</name>
		<pose>Unspecified</pose>
		<truncated>0</truncated>
		<difficult>0</difficult>
		<bndbox>
			<xmin>29</xmin>
			<ymin>89</ymin>
			<xmax>61</xmax>
			<ymax>129</ymax>
		</bndbox>
	</object>
</annotation>
