<annotation>
	<folder>02-李宇航</folder>
	<filename>oc_02_1_0205_1_9.png</filename>
	<path>C:\Users\wml\Desktop\02-李宇航\02-李宇航\oc_02_1_0205_1_9.png</path>
	<source>
		<database>Unknown</database>
	</source>
	<size>
		<width>81</width>
		<height>133</height>
		<depth>1</depth>
	</size>
	<segmented>0</segmented>
	<object>
		<name>012</name>
		<pose>Unspecified</pose>
		<truncated>0</truncated>
		<difficult>0</difficult>
		<bndbox>
			<xmin>15</xmin>
			<ymin>11</ymin>
			<xmax>77</xmax>
			<ymax>131</ymax>
		</bndbox>
	</object>
	<object>
		<name>134</name>
		<pose>Unspecified</pose>
		<truncated>0</truncated>
		<difficult>0</difficult>
		<bndbox>
			<xmin>9</xmin>
			<ymin>62</ymin>
			<xmax>55</xmax>
			<ymax>103</ymax>
		</bndbox>
	</object>
</annotation>
