<annotation>
	<folder>59_radical_labelled_new</folder>
	<filename>oc_02_2_0284_1_5.png</filename>
	<path>D:\Learn Python\position relationgship\59_radical_labelled_new\oc_02_2_0284_1_5.png</path>
	<source>
		<database>Unknown</database>
	</source>
	<size>
		<width>53</width>
		<height>87</height>
		<depth>1</depth>
	</size>
	<segmented>0</segmented>
	<object>
		<name>026</name>
		<pose>Unspecified</pose>
		<truncated>1</truncated>
		<difficult>0</difficult>
		<bndbox>
			<xmin>3</xmin>
			<ymin>1</ymin>
			<xmax>50</xmax>
			<ymax>60</ymax>
		</bndbox>
	</object>
	<object>
		<name>307</name>
		<pose>Unspecified</pose>
		<truncated>0</truncated>
		<difficult>0</difficult>
		<bndbox>
			<xmin>17</xmin>
			<ymin>43</ymin>
			<xmax>49</xmax>
			<ymax>85</ymax>
		</bndbox>
	</object>
</annotation>
