<annotation>
	<folder>03-吴磊</folder>
	<filename>oc_03_1_0404_2_1.png</filename>
	<path>D:\xdd\BaiduNetdiskDownload\03-吴磊\oc_03_1_0404_2_1.png</path>
	<source>
		<database>Unknown</database>
	</source>
	<size>
		<width>95</width>
		<height>115</height>
		<depth>1</depth>
	</size>
	<segmented>0</segmented>
	<object>
		<name>468</name>
		<pose>Unspecified</pose>
		<truncated>0</truncated>
		<difficult>0</difficult>
		<bndbox>
			<xmin>6</xmin>
			<ymin>6</ymin>
			<xmax>59</xmax>
			<ymax>102</ymax>
		</bndbox>
	</object>
	<object>
		<name>269</name>
		<pose>Unspecified</pose>
		<truncated>0</truncated>
		<difficult>0</difficult>
		<bndbox>
			<xmin>65</xmin>
			<ymin>20</ymin>
			<xmax>83</xmax>
			<ymax>93</ymax>
		</bndbox>
	</object>
</annotation>
