<annotation>
	<folder>02-李宇航</folder>
	<filename>oc_02_1_0203_1_4.png</filename>
	<path>C:\Users\wml\Desktop\02-李宇航\02-李宇航\oc_02_1_0203_1_4.png</path>
	<source>
		<database>Unknown</database>
	</source>
	<size>
		<width>48</width>
		<height>74</height>
		<depth>1</depth>
	</size>
	<segmented>0</segmented>
	<object>
		<name>134</name>
		<pose>Unspecified</pose>
		<truncated>0</truncated>
		<difficult>0</difficult>
		<bndbox>
			<xmin>11</xmin>
			<ymin>38</ymin>
			<xmax>46</xmax>
			<ymax>71</ymax>
		</bndbox>
	</object>
	<object>
		<name>379</name>
		<pose>Unspecified</pose>
		<truncated>1</truncated>
		<difficult>0</difficult>
		<bndbox>
			<xmin>1</xmin>
			<ymin>2</ymin>
			<xmax>40</xmax>
			<ymax>54</ymax>
		</bndbox>
	</object>
</annotation>
