<annotation>
	<folder>59_radical_labelled_new</folder>
	<filename>oc_02_1_0144_1_1.jpg</filename>
	<path>D:\Learn Python\position relationgship\59_radical_labelled_new\oc_02_1_0144_1_1.jpg</path>
	<source>
		<database>Unknown</database>
	</source>
	<size>
		<width>41</width>
		<height>78</height>
		<depth>1</depth>
	</size>
	<segmented>0</segmented>
	<object>
		<name>408</name>
		<pose>Unspecified</pose>
		<truncated>0</truncated>
		<difficult>0</difficult>
		<bndbox>
			<xmin>6</xmin>
			<ymin>25</ymin>
			<xmax>39</xmax>
			<ymax>73</ymax>
		</bndbox>
	</object>
	<object>
		<name>307</name>
		<pose>Unspecified</pose>
		<truncated>0</truncated>
		<difficult>0</difficult>
		<bndbox>
			<xmin>4</xmin>
			<ymin>3</ymin>
			<xmax>36</xmax>
			<ymax>25</ymax>
		</bndbox>
	</object>
</annotation>
