<annotation>
	<folder>02-李宇航</folder>
	<filename>oc_03_1_0363_1_2.png</filename>
	<path>C:\Users\Administrator\Desktop\02-李宇航\02-李宇航\oc_03_1_0363_1_2.png</path>
	<source>
		<database>Unknown</database>
	</source>
	<size>
		<width>117</width>
		<height>100</height>
		<depth>1</depth>
	</size>
	<segmented>0</segmented>
	<object>
		<name>234</name>
		<pose>Unspecified</pose>
		<truncated>0</truncated>
		<difficult>0</difficult>
		<bndbox>
			<xmin>77</xmin>
			<ymin>14</ymin>
			<xmax>115</xmax>
			<ymax>89</ymax>
		</bndbox>
	</object>
	<object>
		<name>234</name>
		<pose>Unspecified</pose>
		<truncated>0</truncated>
		<difficult>0</difficult>
		<bndbox>
			<xmin>9</xmin>
			<ymin>19</ymin>
			<xmax>46</xmax>
			<ymax>92</ymax>
		</bndbox>
	</object>
	<object>
		<name>134</name>
		<pose>Unspecified</pose>
		<truncated>0</truncated>
		<difficult>0</difficult>
		<bndbox>
			<xmin>27</xmin>
			<ymin>6</ymin>
			<xmax>88</xmax>
			<ymax>82</ymax>
		</bndbox>
	</object>
</annotation>
