<annotation>
	<folder>02-李宇航</folder>
	<filename>oc_02_1_0212_1_3.png</filename>
	<path>C:\Users\wml\Desktop\02-李宇航\02-李宇航\oc_02_1_0212_1_3.png</path>
	<source>
		<database>Unknown</database>
	</source>
	<size>
		<width>62</width>
		<height>124</height>
		<depth>1</depth>
	</size>
	<segmented>0</segmented>
	<object>
		<name>164</name>
		<pose>Unspecified</pose>
		<truncated>0</truncated>
		<difficult>0</difficult>
		<bndbox>
			<xmin>21</xmin>
			<ymin>5</ymin>
			<xmax>45</xmax>
			<ymax>62</ymax>
		</bndbox>
	</object>
	<object>
		<name>274</name>
		<pose>Unspecified</pose>
		<truncated>0</truncated>
		<difficult>0</difficult>
		<bndbox>
			<xmin>4</xmin>
			<ymin>14</ymin>
			<xmax>24</xmax>
			<ymax>114</ymax>
		</bndbox>
	</object>
	<object>
		<name>335</name>
		<pose>Unspecified</pose>
		<truncated>0</truncated>
		<difficult>0</difficult>
		<bndbox>
			<xmin>27</xmin>
			<ymin>61</ymin>
			<xmax>57</xmax>
			<ymax>119</ymax>
		</bndbox>
	</object>
</annotation>
