<annotation>
	<folder>02-李宇航</folder>
	<filename>oc_02_2_0304_1_4.png</filename>
	<path>C:\Users\Administrator\Desktop\02-李宇航\02-李宇航\oc_02_2_0304_1_4.png</path>
	<source>
		<database>Unknown</database>
	</source>
	<size>
		<width>58</width>
		<height>115</height>
		<depth>1</depth>
	</size>
	<segmented>0</segmented>
	<object>
		<name>247</name>
		<pose>Unspecified</pose>
		<truncated>1</truncated>
		<difficult>0</difficult>
		<bndbox>
			<xmin>40</xmin>
			<ymin>7</ymin>
			<xmax>58</xmax>
			<ymax>100</ymax>
		</bndbox>
	</object>
	<object>
		<name>164</name>
		<pose>Unspecified</pose>
		<truncated>0</truncated>
		<difficult>0</difficult>
		<bndbox>
			<xmin>12</xmin>
			<ymin>2</ymin>
			<xmax>41</xmax>
			<ymax>50</ymax>
		</bndbox>
	</object>
	<object>
		<name>307</name>
		<pose>Unspecified</pose>
		<truncated>0</truncated>
		<difficult>0</difficult>
		<bndbox>
			<xmin>5</xmin>
			<ymin>63</ymin>
			<xmax>30</xmax>
			<ymax>104</ymax>
		</bndbox>
	</object>
</annotation>
