<annotation>
	<folder>02-李宇航</folder>
	<filename>oc_02_1_0195_1_1.png</filename>
	<path>C:\Users\wml\Desktop\02-李宇航\02-李宇航\oc_02_1_0195_1_1.png</path>
	<source>
		<database>Unknown</database>
	</source>
	<size>
		<width>40</width>
		<height>126</height>
		<depth>1</depth>
	</size>
	<segmented>0</segmented>
	<object>
		<name>461</name>
		<pose>Unspecified</pose>
		<truncated>0</truncated>
		<difficult>0</difficult>
		<bndbox>
			<xmin>10</xmin>
			<ymin>44</ymin>
			<xmax>35</xmax>
			<ymax>123</ymax>
		</bndbox>
	</object>
	<object>
		<name>164</name>
		<pose>Unspecified</pose>
		<truncated>0</truncated>
		<difficult>0</difficult>
		<bndbox>
			<xmin>3</xmin>
			<ymin>4</ymin>
			<xmax>30</xmax>
			<ymax>39</ymax>
		</bndbox>
	</object>
</annotation>
