<annotation>
	<folder>choose_oracle_images</folder>
	<filename>oc_02_1_0127_1_5.png</filename>
	<path>D:\Learn Python\position relationgship\choose_oracle_images\oc_02_1_0127_1_5.png</path>
	<source>
		<database>Unknown</database>
	</source>
	<size>
		<width>101</width>
		<height>102</height>
		<depth>1</depth>
	</size>
	<segmented>0</segmented>
	<object>
		<name>307</name>
		<pose>Unspecified</pose>
		<truncated>0</truncated>
		<difficult>0</difficult>
		<bndbox>
			<xmin>18</xmin>
			<ymin>38</ymin>
			<xmax>44</xmax>
			<ymax>81</ymax>
		</bndbox>
	</object>
	<object>
		<name>247</name>
		<pose>Unspecified</pose>
		<truncated>0</truncated>
		<difficult>0</difficult>
		<bndbox>
			<xmin>15</xmin>
			<ymin>9</ymin>
			<xmax>96</xmax>
			<ymax>99</ymax>
		</bndbox>
	</object>
</annotation>
