<annotation>
	<folder>59_radical_labelled_new</folder>
	<filename>oc_03_1_0375_1_3.png</filename>
	<path>D:\Learn Python\position relationgship\59_radical_labelled_new\oc_03_1_0375_1_3.png</path>
	<source>
		<database>Unknown</database>
	</source>
	<size>
		<width>69</width>
		<height>124</height>
		<depth>1</depth>
	</size>
	<segmented>0</segmented>
	<object>
		<name>132</name>
		<pose>Unspecified</pose>
		<truncated>0</truncated>
		<difficult>0</difficult>
		<bndbox>
			<xmin>3</xmin>
			<ymin>20</ymin>
			<xmax>32</xmax>
			<ymax>76</ymax>
		</bndbox>
	</object>
	<object>
		<name>419</name>
		<pose>Unspecified</pose>
		<truncated>0</truncated>
		<difficult>0</difficult>
		<bndbox>
			<xmin>26</xmin>
			<ymin>31</ymin>
			<xmax>64</xmax>
			<ymax>117</ymax>
		</bndbox>
	</object>
</annotation>
