<annotation>
	<folder>choose_oracle_images</folder>
	<filename>oc_02_1_0210_1_4.png</filename>
	<path>D:\Learn Python\position relationgship\choose_oracle_images\oc_02_1_0210_1_4.png</path>
	<source>
		<database>Unknown</database>
	</source>
	<size>
		<width>79</width>
		<height>116</height>
		<depth>1</depth>
	</size>
	<segmented>0</segmented>
	<object>
		<name>247</name>
		<pose>Unspecified</pose>
		<truncated>0</truncated>
		<difficult>0</difficult>
		<bndbox>
			<xmin>48</xmin>
			<ymin>9</ymin>
			<xmax>75</xmax>
			<ymax>110</ymax>
		</bndbox>
	</object>
	<object>
		<name>164</name>
		<pose>Unspecified</pose>
		<truncated>0</truncated>
		<difficult>0</difficult>
		<bndbox>
			<xmin>9</xmin>
			<ymin>6</ymin>
			<xmax>39</xmax>
			<ymax>69</ymax>
		</bndbox>
	</object>
	<object>
		<name>134</name>
		<pose>Unspecified</pose>
		<truncated>0</truncated>
		<difficult>0</difficult>
		<bndbox>
			<xmin>10</xmin>
			<ymin>59</ymin>
			<xmax>45</xmax>
			<ymax>101</ymax>
		</bndbox>
	</object>
</annotation>
