<annotation>
	<folder>choose_oracle_images</folder>
	<filename>oc_01_1_0033_2_1.png</filename>
	<path>D:\Learn Python\position relationgship\choose_oracle_images\oc_01_1_0033_2_1.png</path>
	<source>
		<database>Unknown</database>
	</source>
	<size>
		<width>99</width>
		<height>127</height>
		<depth>1</depth>
	</size>
	<segmented>0</segmented>
	<object>
		<name>389</name>
		<pose>Unspecified</pose>
		<truncated>0</truncated>
		<difficult>0</difficult>
		<bndbox>
			<xmin>34</xmin>
			<ymin>5</ymin>
			<xmax>63</xmax>
			<ymax>117</ymax>
		</bndbox>
	</object>
	<object>
		<name>132</name>
		<pose>Unspecified</pose>
		<truncated>0</truncated>
		<difficult>0</difficult>
		<bndbox>
			<xmin>12</xmin>
			<ymin>20</ymin>
			<xmax>35</xmax>
			<ymax>106</ymax>
		</bndbox>
	</object>
	<object>
		<name>132</name>
		<pose>Unspecified</pose>
		<truncated>0</truncated>
		<difficult>0</difficult>
		<bndbox>
			<xmin>66</xmin>
			<ymin>7</ymin>
			<xmax>87</xmax>
			<ymax>97</ymax>
		</bndbox>
	</object>
</annotation>
