<annotation>
	<folder>59_radical_labelled_new</folder>
	<filename>oc_02_1_0148_1_9.jpg</filename>
	<path>D:\Learn Python\position relationgship\59_radical_labelled_new\oc_02_1_0148_1_9.jpg</path>
	<source>
		<database>Unknown</database>
	</source>
	<size>
		<width>58</width>
		<height>132</height>
		<depth>1</depth>
	</size>
	<segmented>0</segmented>
	<object>
		<name>307</name>
		<pose>Unspecified</pose>
		<truncated>0</truncated>
		<difficult>0</difficult>
		<bndbox>
			<xmin>17</xmin>
			<ymin>77</ymin>
			<xmax>47</xmax>
			<ymax>125</ymax>
		</bndbox>
	</object>
	<object>
		<name>307</name>
		<pose>Unspecified</pose>
		<truncated>0</truncated>
		<difficult>0</difficult>
		<bndbox>
			<xmin>13</xmin>
			<ymin>7</ymin>
			<xmax>45</xmax>
			<ymax>55</ymax>
		</bndbox>
	</object>
</annotation>
