<annotation>
	<folder>01-李沿增</folder>
	<filename>oc_02_1_0114_1_1.png</filename>
	<path>D:\古文字\古文字\01-李沿增\oc_02_1_0114_1_1.png</path>
	<source>
		<database>Unknown</database>
	</source>
	<size>
		<width>85</width>
		<height>122</height>
		<depth>1</depth>
	</size>
	<segmented>0</segmented>
	<object>
		<name>134</name>
		<pose>Unspecified</pose>
		<truncated>0</truncated>
		<difficult>0</difficult>
		<bndbox>
			<xmin>3</xmin>
			<ymin>57</ymin>
			<xmax>35</xmax>
			<ymax>87</ymax>
		</bndbox>
	</object>
	<object>
		<name>446</name>
		<pose>Unspecified</pose>
		<truncated>0</truncated>
		<difficult>0</difficult>
		<bndbox>
			<xmin>26</xmin>
			<ymin>6</ymin>
			<xmax>79</xmax>
			<ymax>116</ymax>
		</bndbox>
	</object>
</annotation>
