<annotation>
	<folder>02-李宇航</folder>
	<filename>oc_02_2_0238_1_1.png</filename>
	<path>C:\Users\wml\Desktop\02-李宇航\02-李宇航\oc_02_2_0238_1_1.png</path>
	<source>
		<database>Unknown</database>
	</source>
	<size>
		<width>27</width>
		<height>79</height>
		<depth>1</depth>
	</size>
	<segmented>0</segmented>
	<object>
		<name>111</name>
		<pose>Unspecified</pose>
		<truncated>0</truncated>
		<difficult>0</difficult>
		<bndbox>
			<xmin>5</xmin>
			<ymin>5</ymin>
			<xmax>22</xmax>
			<ymax>64</ymax>
		</bndbox>
	</object>
	<object>
		<name>307</name>
		<pose>Unspecified</pose>
		<truncated>0</truncated>
		<difficult>0</difficult>
		<bndbox>
			<xmin>6</xmin>
			<ymin>56</ymin>
			<xmax>22</xmax>
			<ymax>75</ymax>
		</bndbox>
	</object>
</annotation>
