<annotation>
	<folder>choose_oracle_images</folder>
	<filename>oc_01_1_0036_2_10.png</filename>
	<path>D:\Learn Python\position relationgship\choose_oracle_images\oc_01_1_0036_2_10.png</path>
	<source>
		<database>Unknown</database>
	</source>
	<size>
		<width>59</width>
		<height>127</height>
		<depth>1</depth>
	</size>
	<segmented>0</segmented>
	<object>
		<name>287</name>
		<pose>Unspecified</pose>
		<truncated>0</truncated>
		<difficult>0</difficult>
		<bndbox>
			<xmin>10</xmin>
			<ymin>12</ymin>
			<xmax>32</xmax>
			<ymax>46</ymax>
		</bndbox>
	</object>
	<object>
		<name>132</name>
		<pose>Unspecified</pose>
		<truncated>0</truncated>
		<difficult>0</difficult>
		<bndbox>
			<xmin>33</xmin>
			<ymin>7</ymin>
			<xmax>55</xmax>
			<ymax>62</ymax>
		</bndbox>
	</object>
	<object>
		<name>389</name>
		<pose>Unspecified</pose>
		<truncated>0</truncated>
		<difficult>0</difficult>
		<bndbox>
			<xmin>14</xmin>
			<ymin>66</ymin>
			<xmax>40</xmax>
			<ymax>121</ymax>
		</bndbox>
	</object>
</annotation>
