<annotation>
	<folder>02-李宇航</folder>
	<filename>oc_02_2_0298_1_2.png</filename>
	<path>C:\Users\Administrator\Desktop\02-李宇航\02-李宇航\oc_02_2_0298_1_2.png</path>
	<source>
		<database>Unknown</database>
	</source>
	<size>
		<width>66</width>
		<height>170</height>
		<depth>1</depth>
	</size>
	<segmented>0</segmented>
	<object>
		<name>307</name>
		<pose>Unspecified</pose>
		<truncated>0</truncated>
		<difficult>0</difficult>
		<bndbox>
			<xmin>15</xmin>
			<ymin>2</ymin>
			<xmax>63</xmax>
			<ymax>75</ymax>
		</bndbox>
	</object>
	<object>
		<name>484</name>
		<pose>Unspecified</pose>
		<truncated>0</truncated>
		<difficult>0</difficult>
		<bndbox>
			<xmin>4</xmin>
			<ymin>72</ymin>
			<xmax>60</xmax>
			<ymax>164</ymax>
		</bndbox>
	</object>
</annotation>
