<annotation>
	<folder>59_radical_labelled_new</folder>
	<filename>oc_02_1_0107_1_5.jpg</filename>
	<path>D:\Learn Python\position relationgship\59_radical_labelled_new\oc_02_1_0107_1_5.jpg</path>
	<source>
		<database>Unknown</database>
	</source>
	<size>
		<width>60</width>
		<height>133</height>
		<depth>1</depth>
	</size>
	<segmented>0</segmented>
	<object>
		<name>335</name>
		<pose>Unspecified</pose>
		<truncated>1</truncated>
		<difficult>0</difficult>
		<bndbox>
			<xmin>3</xmin>
			<ymin>9</ymin>
			<xmax>60</xmax>
			<ymax>82</ymax>
		</bndbox>
	</object>
	<object>
		<name>134</name>
		<pose>Unspecified</pose>
		<truncated>0</truncated>
		<difficult>0</difficult>
		<bndbox>
			<xmin>9</xmin>
			<ymin>72</ymin>
			<xmax>52</xmax>
			<ymax>132</ymax>
		</bndbox>
	</object>
</annotation>
