<annotation>
	<folder>59_radical_labelled_new</folder>
	<filename>oc_01_1_0036_1_1.jpg</filename>
	<path>D:\Learn Python\position relationgship\59_radical_labelled_new\oc_01_1_0036_1_1.jpg</path>
	<source>
		<database>Unknown</database>
	</source>
	<size>
		<width>85</width>
		<height>116</height>
		<depth>1</depth>
	</size>
	<segmented>0</segmented>
	<object>
		<name>389</name>
		<pose>Unspecified</pose>
		<truncated>0</truncated>
		<difficult>0</difficult>
		<bndbox>
			<xmin>14</xmin>
			<ymin>36</ymin>
			<xmax>68</xmax>
			<ymax>111</ymax>
		</bndbox>
	</object>
	<object>
		<name>287</name>
		<pose>Unspecified</pose>
		<truncated>0</truncated>
		<difficult>0</difficult>
		<bndbox>
			<xmin>5</xmin>
			<ymin>8</ymin>
			<xmax>71</xmax>
			<ymax>29</ymax>
		</bndbox>
	</object>
</annotation>
