<annotation>
	<folder>01-李沿增</folder>
	<filename>oc_02_1_0098_1_3.png</filename>
	<path>D:\古文字\古文字\01-李沿增\oc_02_1_0098_1_3.png</path>
	<source>
		<database>Unknown</database>
	</source>
	<size>
		<width>81</width>
		<height>125</height>
		<depth>1</depth>
	</size>
	<segmented>0</segmented>
	<object>
		<name>134</name>
		<pose>Unspecified</pose>
		<truncated>0</truncated>
		<difficult>0</difficult>
		<bndbox>
			<xmin>25</xmin>
			<ymin>77</ymin>
			<xmax>74</xmax>
			<ymax>122</ymax>
		</bndbox>
	</object>
	<object>
		<name>164</name>
		<pose>Unspecified</pose>
		<truncated>1</truncated>
		<difficult>0</difficult>
		<bndbox>
			<xmin>11</xmin>
			<ymin>11</ymin>
			<xmax>81</xmax>
			<ymax>75</ymax>
		</bndbox>
	</object>
</annotation>
