<annotation>
	<folder>choose_oracle_images</folder>
	<filename>oc_02_1_0084_1_1.png</filename>
	<path>D:\Learn Python\position relationgship\choose_oracle_images\oc_02_1_0084_1_1.png</path>
	<source>
		<database>Unknown</database>
	</source>
	<size>
		<width>100</width>
		<height>106</height>
		<depth>1</depth>
	</size>
	<segmented>0</segmented>
	<object>
		<name>247</name>
		<pose>Unspecified</pose>
		<truncated>0</truncated>
		<difficult>0</difficult>
		<bndbox>
			<xmin>8</xmin>
			<ymin>46</ymin>
			<xmax>81</xmax>
			<ymax>101</ymax>
		</bndbox>
	</object>
	<object>
		<name>173</name>
		<pose>Unspecified</pose>
		<truncated>0</truncated>
		<difficult>0</difficult>
		<bndbox>
			<xmin>31</xmin>
			<ymin>8</ymin>
			<xmax>96</xmax>
			<ymax>46</ymax>
		</bndbox>
	</object>
</annotation>
