<annotation>
	<folder>02-李宇航</folder>
	<filename>oc_02_2_0327_1_2.png</filename>
	<path>C:\Users\Administrator\Desktop\02-李宇航\02-李宇航\oc_02_2_0327_1_2.png</path>
	<source>
		<database>Unknown</database>
	</source>
	<size>
		<width>47</width>
		<height>82</height>
		<depth>1</depth>
	</size>
	<segmented>0</segmented>
	<object>
		<name>407</name>
		<pose>Unspecified</pose>
		<truncated>1</truncated>
		<difficult>0</difficult>
		<bndbox>
			<xmin>6</xmin>
			<ymin>1</ymin>
			<xmax>43</xmax>
			<ymax>42</ymax>
		</bndbox>
	</object>
	<object>
		<name>134</name>
		<pose>Unspecified</pose>
		<truncated>0</truncated>
		<difficult>0</difficult>
		<bndbox>
			<xmin>15</xmin>
			<ymin>50</ymin>
			<xmax>41</xmax>
			<ymax>80</ymax>
		</bndbox>
	</object>
</annotation>
