<annotation>
	<folder>choose_oracle_images</folder>
	<filename>oc_02_1_0156_2_6.png</filename>
	<path>D:\Learn Python\position relationgship\choose_oracle_images\oc_02_1_0156_2_6.png</path>
	<source>
		<database>Unknown</database>
	</source>
	<size>
		<width>109</width>
		<height>108</height>
		<depth>1</depth>
	</size>
	<segmented>0</segmented>
	<object>
		<name>408</name>
		<pose>Unspecified</pose>
		<truncated>0</truncated>
		<difficult>0</difficult>
		<bndbox>
			<xmin>43</xmin>
			<ymin>32</ymin>
			<xmax>87</xmax>
			<ymax>86</ymax>
		</bndbox>
	</object>
	<object>
		<name>189</name>
		<pose>Unspecified</pose>
		<truncated>0</truncated>
		<difficult>0</difficult>
		<bndbox>
			<xmin>14</xmin>
			<ymin>14</ymin>
			<xmax>103</xmax>
			<ymax>98</ymax>
		</bndbox>
	</object>
</annotation>
