<annotation>
	<folder>choose_oracle_images</folder>
	<filename>oc_01_1_0036_3_4.png</filename>
	<path>D:\Learn Python\position relationgship\choose_oracle_images\oc_01_1_0036_3_4.png</path>
	<source>
		<database>Unknown</database>
	</source>
	<size>
		<width>58</width>
		<height>136</height>
		<depth>1</depth>
	</size>
	<segmented>0</segmented>
	<object>
		<name>132</name>
		<pose>Unspecified</pose>
		<truncated>0</truncated>
		<difficult>0</difficult>
		<bndbox>
			<xmin>9</xmin>
			<ymin>33</ymin>
			<xmax>27</xmax>
			<ymax>60</ymax>
		</bndbox>
	</object>
	<object>
		<name>132</name>
		<pose>Unspecified</pose>
		<truncated>0</truncated>
		<difficult>0</difficult>
		<bndbox>
			<xmin>36</xmin>
			<ymin>19</ymin>
			<xmax>46</xmax>
			<ymax>55</ymax>
		</bndbox>
	</object>
	<object>
		<name>389</name>
		<pose>Unspecified</pose>
		<truncated>0</truncated>
		<difficult>0</difficult>
		<bndbox>
			<xmin>25</xmin>
			<ymin>105</ymin>
			<xmax>38</xmax>
			<ymax>130</ymax>
		</bndbox>
	</object>
	<object>
		<name>287</name>
		<pose>Unspecified</pose>
		<truncated>0</truncated>
		<difficult>0</difficult>
		<bndbox>
			<xmin>25</xmin>
			<ymin>26</ymin>
			<xmax>49</xmax>
			<ymax>98</ymax>
		</bndbox>
	</object>
</annotation>
