<annotation>
	<folder>choose_oracle_images</folder>
	<filename>oc_01_1_0045_2_2.png</filename>
	<path>D:\Learn Python\position relationgship\choose_oracle_images\oc_01_1_0045_2_2.png</path>
	<source>
		<database>Unknown</database>
	</source>
	<size>
		<width>80</width>
		<height>137</height>
		<depth>1</depth>
	</size>
	<segmented>0</segmented>
	<object>
		<name>287</name>
		<pose>Unspecified</pose>
		<truncated>0</truncated>
		<difficult>0</difficult>
		<bndbox>
			<xmin>6</xmin>
			<ymin>65</ymin>
			<xmax>32</xmax>
			<ymax>129</ymax>
		</bndbox>
	</object>
	<object>
		<name>287</name>
		<pose>Unspecified</pose>
		<truncated>0</truncated>
		<difficult>0</difficult>
		<bndbox>
			<xmin>11</xmin>
			<ymin>7</ymin>
			<xmax>35</xmax>
			<ymax>44</ymax>
		</bndbox>
	</object>
	<object>
		<name>132</name>
		<pose>Unspecified</pose>
		<truncated>0</truncated>
		<difficult>0</difficult>
		<bndbox>
			<xmin>29</xmin>
			<ymin>17</ymin>
			<xmax>58</xmax>
			<ymax>125</ymax>
		</bndbox>
	</object>
</annotation>
