<annotation>
	<folder>59_radical_labelled_new</folder>
	<filename>oc_02_2_0284_1_7.png</filename>
	<path>D:\Learn Python\position relationgship\59_radical_labelled_new\oc_02_2_0284_1_7.png</path>
	<source>
		<database>Unknown</database>
	</source>
	<size>
		<width>62</width>
		<height>84</height>
		<depth>1</depth>
	</size>
	<segmented>0</segmented>
	<object>
		<name>026</name>
		<pose>Unspecified</pose>
		<truncated>0</truncated>
		<difficult>0</difficult>
		<bndbox>
			<xmin>5</xmin>
			<ymin>5</ymin>
			<xmax>53</xmax>
			<ymax>76</ymax>
		</bndbox>
	</object>
	<object>
		<name>307</name>
		<pose>Unspecified</pose>
		<truncated>0</truncated>
		<difficult>0</difficult>
		<bndbox>
			<xmin>15</xmin>
			<ymin>43</ymin>
			<xmax>43</xmax>
			<ymax>78</ymax>
		</bndbox>
	</object>
</annotation>
