<annotation>
	<folder>02-李宇航</folder>
	<filename>oc_02_1_0184_1_2.png</filename>
	<path>C:\Users\wml\Desktop\02-李宇航\02-李宇航\oc_02_1_0184_1_2.png</path>
	<source>
		<database>Unknown</database>
	</source>
	<size>
		<width>78</width>
		<height>124</height>
		<depth>1</depth>
	</size>
	<segmented>0</segmented>
	<object>
		<name>484</name>
		<pose>Unspecified</pose>
		<truncated>0</truncated>
		<difficult>0</difficult>
		<bndbox>
			<xmin>3</xmin>
			<ymin>8</ymin>
			<xmax>71</xmax>
			<ymax>86</ymax>
		</bndbox>
	</object>
	<object>
		<name>307</name>
		<pose>Unspecified</pose>
		<truncated>0</truncated>
		<difficult>0</difficult>
		<bndbox>
			<xmin>11</xmin>
			<ymin>78</ymin>
			<xmax>70</xmax>
			<ymax>118</ymax>
		</bndbox>
	</object>
</annotation>
