<annotation>
	<folder>03-吴磊</folder>
	<filename>oc_03_1_0386_1_7.png</filename>
	<path>D:\xdd\BaiduNetdiskDownload\03-吴磊\oc_03_1_0386_1_7.png</path>
	<source>
		<database>Unknown</database>
	</source>
	<size>
		<width>56</width>
		<height>124</height>
		<depth>1</depth>
	</size>
	<segmented>0</segmented>
	<object>
		<name>132</name>
		<pose>Unspecified</pose>
		<truncated>0</truncated>
		<difficult>0</difficult>
		<bndbox>
			<xmin>10</xmin>
			<ymin>81</ymin>
			<xmax>23</xmax>
			<ymax>110</ymax>
		</bndbox>
	</object>
	<object>
		<name>327</name>
		<pose>Unspecified</pose>
		<truncated>0</truncated>
		<difficult>0</difficult>
		<bndbox>
			<xmin>13</xmin>
			<ymin>7</ymin>
			<xmax>24</xmax>
			<ymax>55</ymax>
		</bndbox>
	</object>
	<object>
		<name>334</name>
		<pose>Unspecified</pose>
		<truncated>0</truncated>
		<difficult>0</difficult>
		<bndbox>
			<xmin>24</xmin>
			<ymin>37</ymin>
			<xmax>48</xmax>
			<ymax>100</ymax>
		</bndbox>
	</object>
</annotation>
